i,j,r,k,period
1,1,1.0,2.0,1
2,1,1.05,2.0,1
3,1,1.1,2.0,1
4,1,1.15,2.0,1
5,1,1.2,2.0,1
6,1,1.25,2.0,1
7,1,1.3,2.0,1
8,1,1.35,2.0,1
9,1,1.4,2.0,1
10,1,1.45,2.0,1
11,1,1.5,2.0,1
12,1,1.55,2.0,1
13,1,1.6,2.0,1
14,1,1.65,2.0,1
15,1,1.7,2.0,1
16,1,1.75,2.0,1
17,1,1.8,2.0,1
18,1,1.85,2.0,1
19,1,1.9,2.0,1
20,1,1.95,2.0,1
21,1,2.0,2.0,2
22,1,2.05,2.0,2
23,1,2.1,2.0,2
24,1,2.15,2.0,2
25,1,2.2,2.0,2
26,1,2.25,2.0,2
27,1,2.3,2.0,2
28,1,2.35,2.0,2
29,1,2.4,2.0,2
30,1,2.45,2.0,2
31,1,2.5,2.0,2
32,1,2.55,2.0,4
33,1,2.6,2.0,4
34,1,2.65,2.0,4
35,1,2.7,2.0,2001
36,1,2.75,2.0,2001
37,1,2.8,2.0,2001
38,1,2.85,2.0,2001
39,1,2.9,2.0,2001
40,1,2.95,2.0,2001
41,1,3.0,2.0,2001
42,1,3.05,2.0,2001
43,1,3.1,2.0,2001
44,1,3.15,2.0,3
45,1,3.2,2.0,36
46,1,3.25,2.0,2001
47,1,3.3,2.0,2001
48,1,3.35,2.0,2001
49,1,3.4,2.0,2001
50,1,3.45,2.0,2001
51,1,3.5,2.0,2001
52,1,3.55,2.0,2001
53,1,3.6,2.0,4
54,1,3.65,2.0,2001
55,1,3.7,2.0,2001
56,1,3.75,2.0,2001
57,1,3.8,2.0,2001
58,1,3.85,2.0,2001
59,1,3.9,2.0,2001
60,1,3.95,2.0,2001
61,1,4.0,2.0,2001
62,1,4.05,2.0,2001
63,1,4.1,2.0,2001
64,1,4.15,2.0,2001
65,1,4.2,2.0,2001
66,1,4.25,2.0,2001
67,1,4.3,2.0,2001
68,1,4.35,2.0,2001
69,1,4.4,2.0,2001
70,1,4.45,2.0,2001
71,1,4.5,2.0,2001
72,1,4.55,2.0,2001
73,1,4.6,2.0,2001
74,1,4.65,2.0,2001
75,1,4.7,2.0,2001
76,1,4.75,2.0,2001
77,1,4.8,2.0,2001
78,1,4.85,2.0,2001
79,1,4.9,2.0,2001
80,1,4.95,2.0,2001
1,2,1.0,2.05,1
2,2,1.05,2.05,1
3,2,1.1,2.05,1
4,2,1.15,2.05,1
5,2,1.2,2.05,1
6,2,1.25,2.05,1
7,2,1.3,2.05,1
8,2,1.35,2.05,1
9,2,1.4,2.05,1
10,2,1.45,2.05,1
11,2,1.5,2.05,1
12,2,1.55,2.05,1
13,2,1.6,2.05,1
14,2,1.65,2.05,1
15,2,1.7,2.05,1
16,2,1.75,2.05,1
17,2,1.8,2.05,1
18,2,1.85,2.05,1
19,2,1.9,2.05,1
20,2,1.95,2.05,1
21,2,2.0,2.05,2
22,2,2.05,2.05,2
23,2,2.1,2.05,2
24,2,2.15,2.05,2
25,2,2.2,2.05,2
26,2,2.25,2.05,2
27,2,2.3,2.05,2
28,2,2.35,2.05,2
29,2,2.4,2.05,2
30,2,2.45,2.05,2
31,2,2.5,2.05,2
32,2,2.55,2.05,4
33,2,2.6,2.05,4
34,2,2.65,2.05,4
35,2,2.7,2.05,2001
36,2,2.75,2.05,2001
37,2,2.8,2.05,2001
38,2,2.85,2.05,2001
39,2,2.9,2.05,2001
40,2,2.95,2.05,2001
41,2,3.0,2.05,2001
42,2,3.05,2.05,2001
43,2,3.1,2.05,2001
44,2,3.15,2.05,3
45,2,3.2,2.05,36
46,2,3.25,2.05,2001
47,2,3.3,2.05,2001
48,2,3.35,2.05,2001
49,2,3.4,2.05,2001
50,2,3.45,2.05,2001
51,2,3.5,2.05,2001
52,2,3.55,2.05,2001
53,2,3.6,2.05,4
54,2,3.65,2.05,2001
55,2,3.7,2.05,2001
56,2,3.75,2.05,2001
57,2,3.8,2.05,2001
58,2,3.85,2.05,2001
59,2,3.9,2.05,2001
60,2,3.95,2.05,2001
61,2,4.0,2.05,2001
62,2,4.05,2.05,2001
63,2,4.1,2.05,2001
64,2,4.15,2.05,2001
65,2,4.2,2.05,2001
66,2,4.25,2.05,2001
67,2,4.3,2.05,2001
68,2,4.35,2.05,2001
69,2,4.4,2.05,2001
70,2,4.45,2.05,2001
71,2,4.5,2.05,2001
72,2,4.55,2.05,2001
73,2,4.6,2.05,2001
74,2,4.65,2.05,2001
75,2,4.7,2.05,2001
76,2,4.75,2.05,2001
77,2,4.8,2.05,2001
78,2,4.85,2.05,2001
79,2,4.9,2.05,2001
80,2,4.95,2.05,2001
1,3,1.0,2.1,1
2,3,1.05,2.1,1
3,3,1.1,2.1,1
4,3,1.15,2.1,1
5,3,1.2,2.1,1
6,3,1.25,2.1,1
7,3,1.3,2.1,1
8,3,1.35,2.1,1
9,3,1.4,2.1,1
10,3,1.45,2.1,1
11,3,1.5,2.1,1
12,3,1.55,2.1,1
13,3,1.6,2.1,1
14,3,1.65,2.1,1
15,3,1.7,2.1,1
16,3,1.75,2.1,1
17,3,1.8,2.1,1
18,3,1.85,2.1,1
19,3,1.9,2.1,1
20,3,1.95,2.1,1
21,3,2.0,2.1,2
22,3,2.05,2.1,2
23,3,2.1,2.1,2
24,3,2.15,2.1,2
25,3,2.2,2.1,2
26,3,2.25,2.1,2
27,3,2.3,2.1,2
28,3,2.35,2.1,2
29,3,2.4,2.1,2
30,3,2.45,2.1,2
31,3,2.5,2.1,2
32,3,2.55,2.1,4
33,3,2.6,2.1,4
34,3,2.65,2.1,4
35,3,2.7,2.1,2001
36,3,2.75,2.1,2001
37,3,2.8,2.1,2001
38,3,2.85,2.1,2001
39,3,2.9,2.1,2001
40,3,2.95,2.1,2001
41,3,3.0,2.1,2001
42,3,3.05,2.1,2001
43,3,3.1,2.1,2001
44,3,3.15,2.1,3
45,3,3.2,2.1,36
46,3,3.25,2.1,2001
47,3,3.3,2.1,2001
48,3,3.35,2.1,2001
49,3,3.4,2.1,2001
50,3,3.45,2.1,2001
51,3,3.5,2.1,2001
52,3,3.55,2.1,2001
53,3,3.6,2.1,4
54,3,3.65,2.1,2001
55,3,3.7,2.1,2001
56,3,3.75,2.1,2001
57,3,3.8,2.1,2001
58,3,3.85,2.1,2001
59,3,3.9,2.1,2001
60,3,3.95,2.1,2001
61,3,4.0,2.1,2001
62,3,4.05,2.1,2001
63,3,4.1,2.1,2001
64,3,4.15,2.1,2001
65,3,4.2,2.1,2001
66,3,4.25,2.1,2001
67,3,4.3,2.1,2001
68,3,4.35,2.1,2001
69,3,4.4,2.1,2001
70,3,4.45,2.1,2001
71,3,4.5,2.1,2001
72,3,4.55,2.1,2001
73,3,4.6,2.1,2001
74,3,4.65,2.1,2001
75,3,4.7,2.1,2001
76,3,4.75,2.1,2001
77,3,4.8,2.1,2001
78,3,4.85,2.1,2001
79,3,4.9,2.1,2001
80,3,4.95,2.1,2001
1,4,1.0,2.15,1
2,4,1.05,2.15,1
3,4,1.1,2.15,1
4,4,1.15,2.15,1
5,4,1.2,2.15,1
6,4,1.25,2.15,1
7,4,1.3,2.15,1
8,4,1.35,2.15,1
9,4,1.4,2.15,1
10,4,1.45,2.15,1
11,4,1.5,2.15,1
12,4,1.55,2.15,1
13,4,1.6,2.15,1
14,4,1.65,2.15,1
15,4,1.7,2.15,1
16,4,1.75,2.15,1
17,4,1.8,2.15,1
18,4,1.85,2.15,1
19,4,1.9,2.15,1
20,4,1.95,2.15,1
21,4,2.0,2.15,2
22,4,2.05,2.15,2
23,4,2.1,2.15,2
24,4,2.15,2.15,2
25,4,2.2,2.15,2
26,4,2.25,2.15,2
27,4,2.3,2.15,2
28,4,2.35,2.15,2
29,4,2.4,2.15,2
30,4,2.45,2.15,2
31,4,2.5,2.15,2
32,4,2.55,2.15,4
33,4,2.6,2.15,4
34,4,2.65,2.15,4
35,4,2.7,2.15,2001
36,4,2.75,2.15,2001
37,4,2.8,2.15,2001
38,4,2.85,2.15,2001
39,4,2.9,2.15,2001
40,4,2.95,2.15,2001
41,4,3.0,2.15,2001
42,4,3.05,2.15,2001
43,4,3.1,2.15,2001
44,4,3.15,2.15,3
45,4,3.2,2.15,36
46,4,3.25,2.15,2001
47,4,3.3,2.15,2001
48,4,3.35,2.15,2001
49,4,3.4,2.15,2001
50,4,3.45,2.15,2001
51,4,3.5,2.15,2001
52,4,3.55,2.15,2001
53,4,3.6,2.15,4
54,4,3.65,2.15,2001
55,4,3.7,2.15,2001
56,4,3.75,2.15,2001
57,4,3.8,2.15,2001
58,4,3.85,2.15,2001
59,4,3.9,2.15,2001
60,4,3.95,2.15,2001
61,4,4.0,2.15,2001
62,4,4.05,2.15,2001
63,4,4.1,2.15,2001
64,4,4.15,2.15,2001
65,4,4.2,2.15,2001
66,4,4.25,2.15,2001
67,4,4.3,2.15,2001
68,4,4.35,2.15,2001
69,4,4.4,2.15,2001
70,4,4.45,2.15,2001
71,4,4.5,2.15,2001
72,4,4.55,2.15,2001
73,4,4.6,2.15,2001
74,4,4.65,2.15,2001
75,4,4.7,2.15,2001
76,4,4.75,2.15,2001
77,4,4.8,2.15,2001
78,4,4.85,2.15,2001
79,4,4.9,2.15,2001
80,4,4.95,2.15,2001
1,5,1.0,2.2,1
2,5,1.05,2.2,1
3,5,1.1,2.2,1
4,5,1.15,2.2,1
5,5,1.2,2.2,1
6,5,1.25,2.2,1
7,5,1.3,2.2,1
8,5,1.35,2.2,1
9,5,1.4,2.2,1
10,5,1.45,2.2,1
11,5,1.5,2.2,1
12,5,1.55,2.2,1
13,5,1.6,2.2,1
14,5,1.65,2.2,1
15,5,1.7,2.2,1
16,5,1.75,2.2,1
17,5,1.8,2.2,1
18,5,1.85,2.2,1
19,5,1.9,2.2,1
20,5,1.95,2.2,1
21,5,2.0,2.2,2
22,5,2.05,2.2,2
23,5,2.1,2.2,2
24,5,2.15,2.2,2
25,5,2.2,2.2,2
26,5,2.25,2.2,2
27,5,2.3,2.2,2
28,5,2.35,2.2,2
29,5,2.4,2.2,2
30,5,2.45,2.2,2
31,5,2.5,2.2,2
32,5,2.55,2.2,4
33,5,2.6,2.2,4
34,5,2.65,2.2,4
35,5,2.7,2.2,2001
36,5,2.75,2.2,2001
37,5,2.8,2.2,2001
38,5,2.85,2.2,2001
39,5,2.9,2.2,2001
40,5,2.95,2.2,2001
41,5,3.0,2.2,2001
42,5,3.05,2.2,2001
43,5,3.1,2.2,2001
44,5,3.15,2.2,3
45,5,3.2,2.2,36
46,5,3.25,2.2,2001
47,5,3.3,2.2,2001
48,5,3.35,2.2,2001
49,5,3.4,2.2,2001
50,5,3.45,2.2,2001
51,5,3.5,2.2,2001
52,5,3.55,2.2,2001
53,5,3.6,2.2,4
54,5,3.65,2.2,2001
55,5,3.7,2.2,2001
56,5,3.75,2.2,2001
57,5,3.8,2.2,2001
58,5,3.85,2.2,2001
59,5,3.9,2.2,2001
60,5,3.95,2.2,2001
61,5,4.0,2.2,2001
62,5,4.05,2.2,2001
63,5,4.1,2.2,2001
64,5,4.15,2.2,2001
65,5,4.2,2.2,2001
66,5,4.25,2.2,2001
67,5,4.3,2.2,2001
68,5,4.35,2.2,2001
69,5,4.4,2.2,2001
70,5,4.45,2.2,2001
71,5,4.5,2.2,2001
72,5,4.55,2.2,2001
73,5,4.6,2.2,2001
74,5,4.65,2.2,2001
75,5,4.7,2.2,2001
76,5,4.75,2.2,2001
77,5,4.8,2.2,2001
78,5,4.85,2.2,2001
79,5,4.9,2.2,2001
80,5,4.95,2.2,2001
1,6,1.0,2.25,1
2,6,1.05,2.25,1
3,6,1.1,2.25,1
4,6,1.15,2.25,1
5,6,1.2,2.25,1
6,6,1.25,2.25,1
7,6,1.3,2.25,1
8,6,1.35,2.25,1
9,6,1.4,2.25,1
10,6,1.45,2.25,1
11,6,1.5,2.25,1
12,6,1.55,2.25,1
13,6,1.6,2.25,1
14,6,1.65,2.25,1
15,6,1.7,2.25,1
16,6,1.75,2.25,1
17,6,1.8,2.25,1
18,6,1.85,2.25,1
19,6,1.9,2.25,1
20,6,1.95,2.25,1
21,6,2.0,2.25,2
22,6,2.05,2.25,2
23,6,2.1,2.25,2
24,6,2.15,2.25,2
25,6,2.2,2.25,2
26,6,2.25,2.25,2
27,6,2.3,2.25,2
28,6,2.35,2.25,2
29,6,2.4,2.25,2
30,6,2.45,2.25,2
31,6,2.5,2.25,2
32,6,2.55,2.25,4
33,6,2.6,2.25,4
34,6,2.65,2.25,4
35,6,2.7,2.25,2001
36,6,2.75,2.25,2001
37,6,2.8,2.25,2001
38,6,2.85,2.25,2001
39,6,2.9,2.25,2001
40,6,2.95,2.25,2001
41,6,3.0,2.25,2001
42,6,3.05,2.25,2001
43,6,3.1,2.25,2001
44,6,3.15,2.25,3
45,6,3.2,2.25,36
46,6,3.25,2.25,2001
47,6,3.3,2.25,2001
48,6,3.35,2.25,2001
49,6,3.4,2.25,2001
50,6,3.45,2.25,2001
51,6,3.5,2.25,2001
52,6,3.55,2.25,2001
53,6,3.6,2.25,4
54,6,3.65,2.25,2001
55,6,3.7,2.25,2001
56,6,3.75,2.25,2001
57,6,3.8,2.25,2001
58,6,3.85,2.25,2001
59,6,3.9,2.25,2001
60,6,3.95,2.25,2001
61,6,4.0,2.25,2001
62,6,4.05,2.25,2001
63,6,4.1,2.25,2001
64,6,4.15,2.25,2001
65,6,4.2,2.25,2001
66,6,4.25,2.25,2001
67,6,4.3,2.25,2001
68,6,4.35,2.25,2001
69,6,4.4,2.25,2001
70,6,4.45,2.25,2001
71,6,4.5,2.25,2001
72,6,4.55,2.25,2001
73,6,4.6,2.25,2001
74,6,4.65,2.25,2001
75,6,4.7,2.25,2001
76,6,4.75,2.25,2001
77,6,4.8,2.25,2001
78,6,4.85,2.25,2001
79,6,4.9,2.25,2001
80,6,4.95,2.25,2001
1,7,1.0,2.3,1
2,7,1.05,2.3,1
3,7,1.1,2.3,1
4,7,1.15,2.3,1
5,7,1.2,2.3,1
6,7,1.25,2.3,1
7,7,1.3,2.3,1
8,7,1.35,2.3,1
9,7,1.4,2.3,1
10,7,1.45,2.3,1
11,7,1.5,2.3,1
12,7,1.55,2.3,1
13,7,1.6,2.3,1
14,7,1.65,2.3,1
15,7,1.7,2.3,1
16,7,1.75,2.3,1
17,7,1.8,2.3,1
18,7,1.85,2.3,1
19,7,1.9,2.3,1
20,7,1.95,2.3,1
21,7,2.0,2.3,2
22,7,2.05,2.3,2
23,7,2.1,2.3,2
24,7,2.15,2.3,2
25,7,2.2,2.3,2
26,7,2.25,2.3,2
27,7,2.3,2.3,2
28,7,2.35,2.3,2
29,7,2.4,2.3,2
30,7,2.45,2.3,2
31,7,2.5,2.3,2
32,7,2.55,2.3,4
33,7,2.6,2.3,4
34,7,2.65,2.3,4
35,7,2.7,2.3,2001
36,7,2.75,2.3,2001
37,7,2.8,2.3,2001
38,7,2.85,2.3,2001
39,7,2.9,2.3,2001
40,7,2.95,2.3,2001
41,7,3.0,2.3,2001
42,7,3.05,2.3,2001
43,7,3.1,2.3,2001
44,7,3.15,2.3,3
45,7,3.2,2.3,36
46,7,3.25,2.3,2001
47,7,3.3,2.3,2001
48,7,3.35,2.3,2001
49,7,3.4,2.3,2001
50,7,3.45,2.3,2001
51,7,3.5,2.3,2001
52,7,3.55,2.3,2001
53,7,3.6,2.3,4
54,7,3.65,2.3,2001
55,7,3.7,2.3,2001
56,7,3.75,2.3,2001
57,7,3.8,2.3,2001
58,7,3.85,2.3,2001
59,7,3.9,2.3,2001
60,7,3.95,2.3,2001
61,7,4.0,2.3,2001
62,7,4.05,2.3,2001
63,7,4.1,2.3,2001
64,7,4.15,2.3,2001
65,7,4.2,2.3,2001
66,7,4.25,2.3,2001
67,7,4.3,2.3,2001
68,7,4.35,2.3,2001
69,7,4.4,2.3,2001
70,7,4.45,2.3,2001
71,7,4.5,2.3,2001
72,7,4.55,2.3,2001
73,7,4.6,2.3,2001
74,7,4.65,2.3,2001
75,7,4.7,2.3,2001
76,7,4.75,2.3,2001
77,7,4.8,2.3,2001
78,7,4.85,2.3,2001
79,7,4.9,2.3,2001
80,7,4.95,2.3,2001
1,8,1.0,2.35,1
2,8,1.05,2.35,1
3,8,1.1,2.35,1
4,8,1.15,2.35,1
5,8,1.2,2.35,1
6,8,1.25,2.35,1
7,8,1.3,2.35,1
8,8,1.35,2.35,1
9,8,1.4,2.35,1
10,8,1.45,2.35,1
11,8,1.5,2.35,1
12,8,1.55,2.35,1
13,8,1.6,2.35,1
14,8,1.65,2.35,1
15,8,1.7,2.35,1
16,8,1.75,2.35,1
17,8,1.8,2.35,1
18,8,1.85,2.35,1
19,8,1.9,2.35,1
20,8,1.95,2.35,1
21,8,2.0,2.35,2
22,8,2.05,2.35,2
23,8,2.1,2.35,2
24,8,2.15,2.35,2
25,8,2.2,2.35,2
26,8,2.25,2.35,2
27,8,2.3,2.35,2
28,8,2.35,2.35,2
29,8,2.4,2.35,2
30,8,2.45,2.35,2
31,8,2.5,2.35,2
32,8,2.55,2.35,4
33,8,2.6,2.35,4
34,8,2.65,2.35,4
35,8,2.7,2.35,2001
36,8,2.75,2.35,2001
37,8,2.8,2.35,2001
38,8,2.85,2.35,2001
39,8,2.9,2.35,2001
40,8,2.95,2.35,2001
41,8,3.0,2.35,2001
42,8,3.05,2.35,2001
43,8,3.1,2.35,2001
44,8,3.15,2.35,3
45,8,3.2,2.35,36
46,8,3.25,2.35,2001
47,8,3.3,2.35,2001
48,8,3.35,2.35,2001
49,8,3.4,2.35,2001
50,8,3.45,2.35,2001
51,8,3.5,2.35,2001
52,8,3.55,2.35,2001
53,8,3.6,2.35,4
54,8,3.65,2.35,2001
55,8,3.7,2.35,2001
56,8,3.75,2.35,2001
57,8,3.8,2.35,2001
58,8,3.85,2.35,2001
59,8,3.9,2.35,2001
60,8,3.95,2.35,2001
61,8,4.0,2.35,2001
62,8,4.05,2.35,2001
63,8,4.1,2.35,2001
64,8,4.15,2.35,2001
65,8,4.2,2.35,2001
66,8,4.25,2.35,2001
67,8,4.3,2.35,2001
68,8,4.35,2.35,2001
69,8,4.4,2.35,2001
70,8,4.45,2.35,2001
71,8,4.5,2.35,2001
72,8,4.55,2.35,2001
73,8,4.6,2.35,2001
74,8,4.65,2.35,2001
75,8,4.7,2.35,2001
76,8,4.75,2.35,2001
77,8,4.8,2.35,2001
78,8,4.85,2.35,2001
79,8,4.9,2.35,2001
80,8,4.95,2.35,2001
1,9,1.0,2.4,1
2,9,1.05,2.4,1
3,9,1.1,2.4,1
4,9,1.15,2.4,1
5,9,1.2,2.4,1
6,9,1.25,2.4,1
7,9,1.3,2.4,1
8,9,1.35,2.4,1
9,9,1.4,2.4,1
10,9,1.45,2.4,1
11,9,1.5,2.4,1
12,9,1.55,2.4,1
13,9,1.6,2.4,1
14,9,1.65,2.4,1
15,9,1.7,2.4,1
16,9,1.75,2.4,1
17,9,1.8,2.4,1
18,9,1.85,2.4,1
19,9,1.9,2.4,1
20,9,1.95,2.4,1
21,9,2.0,2.4,2
22,9,2.05,2.4,2
23,9,2.1,2.4,2
24,9,2.15,2.4,2
25,9,2.2,2.4,2
26,9,2.25,2.4,2
27,9,2.3,2.4,2
28,9,2.35,2.4,2
29,9,2.4,2.4,2
30,9,2.45,2.4,2
31,9,2.5,2.4,2
32,9,2.55,2.4,4
33,9,2.6,2.4,4
34,9,2.65,2.4,4
35,9,2.7,2.4,2001
36,9,2.75,2.4,2001
37,9,2.8,2.4,2001
38,9,2.85,2.4,2001
39,9,2.9,2.4,2001
40,9,2.95,2.4,2001
41,9,3.0,2.4,2001
42,9,3.05,2.4,2001
43,9,3.1,2.4,2001
44,9,3.15,2.4,3
45,9,3.2,2.4,36
46,9,3.25,2.4,2001
47,9,3.3,2.4,2001
48,9,3.35,2.4,2001
49,9,3.4,2.4,2001
50,9,3.45,2.4,2001
51,9,3.5,2.4,2001
52,9,3.55,2.4,2001
53,9,3.6,2.4,4
54,9,3.65,2.4,2001
55,9,3.7,2.4,2001
56,9,3.75,2.4,2001
57,9,3.8,2.4,2001
58,9,3.85,2.4,2001
59,9,3.9,2.4,2001
60,9,3.95,2.4,2001
61,9,4.0,2.4,2001
62,9,4.05,2.4,2001
63,9,4.1,2.4,2001
64,9,4.15,2.4,2001
65,9,4.2,2.4,2001
66,9,4.25,2.4,2001
67,9,4.3,2.4,2001
68,9,4.35,2.4,2001
69,9,4.4,2.4,2001
70,9,4.45,2.4,2001
71,9,4.5,2.4,2001
72,9,4.55,2.4,2001
73,9,4.6,2.4,2001
74,9,4.65,2.4,2001
75,9,4.7,2.4,2001
76,9,4.75,2.4,2001
77,9,4.8,2.4,2001
78,9,4.85,2.4,2001
79,9,4.9,2.4,2001
80,9,4.95,2.4,2001
1,10,1.0,2.45,1
2,10,1.05,2.45,1
3,10,1.1,2.45,1
4,10,1.15,2.45,1
5,10,1.2,2.45,1
6,10,1.25,2.45,1
7,10,1.3,2.45,1
8,10,1.35,2.45,1
9,10,1.4,2.45,1
10,10,1.45,2.45,1
11,10,1.5,2.45,1
12,10,1.55,2.45,1
13,10,1.6,2.45,1
14,10,1.65,2.45,1
15,10,1.7,2.45,1
16,10,1.75,2.45,1
17,10,1.8,2.45,1
18,10,1.85,2.45,1
19,10,1.9,2.45,1
20,10,1.95,2.45,1
21,10,2.0,2.45,2
22,10,2.05,2.45,2
23,10,2.1,2.45,2
24,10,2.15,2.45,2
25,10,2.2,2.45,2
26,10,2.25,2.45,2
27,10,2.3,2.45,2
28,10,2.35,2.45,2
29,10,2.4,2.45,2
30,10,2.45,2.45,2
31,10,2.5,2.45,2
32,10,2.55,2.45,4
33,10,2.6,2.45,4
34,10,2.65,2.45,4
35,10,2.7,2.45,2001
36,10,2.75,2.45,2001
37,10,2.8,2.45,2001
38,10,2.85,2.45,2001
39,10,2.9,2.45,2001
40,10,2.95,2.45,2001
41,10,3.0,2.45,2001
42,10,3.05,2.45,2001
43,10,3.1,2.45,2001
44,10,3.15,2.45,3
45,10,3.2,2.45,36
46,10,3.25,2.45,2001
47,10,3.3,2.45,2001
48,10,3.35,2.45,2001
49,10,3.4,2.45,2001
50,10,3.45,2.45,2001
51,10,3.5,2.45,2001
52,10,3.55,2.45,2001
53,10,3.6,2.45,4
54,10,3.65,2.45,2001
55,10,3.7,2.45,2001
56,10,3.75,2.45,2001
57,10,3.8,2.45,2001
58,10,3.85,2.45,2001
59,10,3.9,2.45,2001
60,10,3.95,2.45,2001
61,10,4.0,2.45,2001
62,10,4.05,2.45,2001
63,10,4.1,2.45,2001
64,10,4.15,2.45,2001
65,10,4.2,2.45,2001
66,10,4.25,2.45,2001
67,10,4.3,2.45,2001
68,10,4.35,2.45,2001
69,10,4.4,2.45,2001
70,10,4.45,2.45,2001
71,10,4.5,2.45,2001
72,10,4.55,2.45,2001
73,10,4.6,2.45,2001
74,10,4.65,2.45,2001
75,10,4.7,2.45,2001
76,10,4.75,2.45,2001
77,10,4.8,2.45,2001
78,10,4.85,2.45,2001
79,10,4.9,2.45,2001
80,10,4.95,2.45,2001
1,11,1.0,2.5,1
2,11,1.05,2.5,1
3,11,1.1,2.5,1
4,11,1.15,2.5,1
5,11,1.2,2.5,1
6,11,1.25,2.5,1
7,11,1.3,2.5,1
8,11,1.35,2.5,1
9,11,1.4,2.5,1
10,11,1.45,2.5,1
11,11,1.5,2.5,1
12,11,1.55,2.5,1
13,11,1.6,2.5,1
14,11,1.65,2.5,1
15,11,1.7,2.5,1
16,11,1.75,2.5,1
17,11,1.8,2.5,1
18,11,1.85,2.5,1
19,11,1.9,2.5,1
20,11,1.95,2.5,1
21,11,2.0,2.5,2
22,11,2.05,2.5,2
23,11,2.1,2.5,2
24,11,2.15,2.5,2
25,11,2.2,2.5,2
26,11,2.25,2.5,2
27,11,2.3,2.5,2
28,11,2.35,2.5,2
29,11,2.4,2.5,2
30,11,2.45,2.5,2
31,11,2.5,2.5,2
32,11,2.55,2.5,4
33,11,2.6,2.5,4
34,11,2.65,2.5,4
35,11,2.7,2.5,2001
36,11,2.75,2.5,2001
37,11,2.8,2.5,2001
38,11,2.85,2.5,2001
39,11,2.9,2.5,2001
40,11,2.95,2.5,2001
41,11,3.0,2.5,2001
42,11,3.05,2.5,2001
43,11,3.1,2.5,2001
44,11,3.15,2.5,3
45,11,3.2,2.5,36
46,11,3.25,2.5,2001
47,11,3.3,2.5,2001
48,11,3.35,2.5,2001
49,11,3.4,2.5,2001
50,11,3.45,2.5,2001
51,11,3.5,2.5,2001
52,11,3.55,2.5,2001
53,11,3.6,2.5,4
54,11,3.65,2.5,2001
55,11,3.7,2.5,2001
56,11,3.75,2.5,2001
57,11,3.8,2.5,2001
58,11,3.85,2.5,2001
59,11,3.9,2.5,2001
60,11,3.95,2.5,2001
61,11,4.0,2.5,2001
62,11,4.05,2.5,2001
63,11,4.1,2.5,2001
64,11,4.15,2.5,2001
65,11,4.2,2.5,2001
66,11,4.25,2.5,2001
67,11,4.3,2.5,2001
68,11,4.35,2.5,2001
69,11,4.4,2.5,2001
70,11,4.45,2.5,2001
71,11,4.5,2.5,2001
72,11,4.55,2.5,2001
73,11,4.6,2.5,2001
74,11,4.65,2.5,2001
75,11,4.7,2.5,2001
76,11,4.75,2.5,2001
77,11,4.8,2.5,2001
78,11,4.85,2.5,2001
79,11,4.9,2.5,2001
80,11,4.95,2.5,2001
1,12,1.0,2.55,1
2,12,1.05,2.55,1
3,12,1.1,2.55,1
4,12,1.15,2.55,1
5,12,1.2,2.55,1
6,12,1.25,2.55,1
7,12,1.3,2.55,1
8,12,1.35,2.55,1
9,12,1.4,2.55,1
10,12,1.45,2.55,1
11,12,1.5,2.55,1
12,12,1.55,2.55,1
13,12,1.6,2.55,1
14,12,1.65,2.55,1
15,12,1.7,2.55,1
16,12,1.75,2.55,1
17,12,1.8,2.55,1
18,12,1.85,2.55,1
19,12,1.9,2.55,1
20,12,1.95,2.55,1
21,12,2.0,2.55,2
22,12,2.05,2.55,2
23,12,2.1,2.55,2
24,12,2.15,2.55,2
25,12,2.2,2.55,2
26,12,2.25,2.55,2
27,12,2.3,2.55,2
28,12,2.35,2.55,2
29,12,2.4,2.55,2
30,12,2.45,2.55,2
31,12,2.5,2.55,2
32,12,2.55,2.55,4
33,12,2.6,2.55,4
34,12,2.65,2.55,4
35,12,2.7,2.55,2001
36,12,2.75,2.55,2001
37,12,2.8,2.55,2001
38,12,2.85,2.55,2001
39,12,2.9,2.55,2001
40,12,2.95,2.55,2001
41,12,3.0,2.55,2001
42,12,3.05,2.55,2001
43,12,3.1,2.55,2001
44,12,3.15,2.55,3
45,12,3.2,2.55,36
46,12,3.25,2.55,2001
47,12,3.3,2.55,2001
48,12,3.35,2.55,2001
49,12,3.4,2.55,2001
50,12,3.45,2.55,2001
51,12,3.5,2.55,2001
52,12,3.55,2.55,2001
53,12,3.6,2.55,4
54,12,3.65,2.55,2001
55,12,3.7,2.55,2001
56,12,3.75,2.55,2001
57,12,3.8,2.55,2001
58,12,3.85,2.55,2001
59,12,3.9,2.55,2001
60,12,3.95,2.55,2001
61,12,4.0,2.55,2001
62,12,4.05,2.55,2001
63,12,4.1,2.55,2001
64,12,4.15,2.55,2001
65,12,4.2,2.55,2001
66,12,4.25,2.55,2001
67,12,4.3,2.55,2001
68,12,4.35,2.55,2001
69,12,4.4,2.55,2001
70,12,4.45,2.55,2001
71,12,4.5,2.55,2001
72,12,4.55,2.55,2001
73,12,4.6,2.55,2001
74,12,4.65,2.55,2001
75,12,4.7,2.55,2001
76,12,4.75,2.55,2001
77,12,4.8,2.55,2001
78,12,4.85,2.55,2001
79,12,4.9,2.55,2001
80,12,4.95,2.55,2001
1,13,1.0,2.6,1
2,13,1.05,2.6,1
3,13,1.1,2.6,1
4,13,1.15,2.6,1
5,13,1.2,2.6,1
6,13,1.25,2.6,1
7,13,1.3,2.6,1
8,13,1.35,2.6,1
9,13,1.4,2.6,1
10,13,1.45,2.6,1
11,13,1.5,2.6,1
12,13,1.55,2.6,1
13,13,1.6,2.6,1
14,13,1.65,2.6,1
15,13,1.7,2.6,1
16,13,1.75,2.6,1
17,13,1.8,2.6,1
18,13,1.85,2.6,1
19,13,1.9,2.6,1
20,13,1.95,2.6,1
21,13,2.0,2.6,2
22,13,2.05,2.6,2
23,13,2.1,2.6,2
24,13,2.15,2.6,2
25,13,2.2,2.6,2
26,13,2.25,2.6,2
27,13,2.3,2.6,2
28,13,2.35,2.6,2
29,13,2.4,2.6,2
30,13,2.45,2.6,2
31,13,2.5,2.6,2
32,13,2.55,2.6,4
33,13,2.6,2.6,4
34,13,2.65,2.6,4
35,13,2.7,2.6,2001
36,13,2.75,2.6,2001
37,13,2.8,2.6,2001
38,13,2.85,2.6,2001
39,13,2.9,2.6,2001
40,13,2.95,2.6,2001
41,13,3.0,2.6,2001
42,13,3.05,2.6,2001
43,13,3.1,2.6,2001
44,13,3.15,2.6,3
45,13,3.2,2.6,36
46,13,3.25,2.6,2001
47,13,3.3,2.6,2001
48,13,3.35,2.6,2001
49,13,3.4,2.6,2001
50,13,3.45,2.6,2001
51,13,3.5,2.6,2001
52,13,3.55,2.6,2001
53,13,3.6,2.6,4
54,13,3.65,2.6,2001
55,13,3.7,2.6,2001
56,13,3.75,2.6,2001
57,13,3.8,2.6,2001
58,13,3.85,2.6,2001
59,13,3.9,2.6,2001
60,13,3.95,2.6,2001
61,13,4.0,2.6,2001
62,13,4.05,2.6,2001
63,13,4.1,2.6,2001
64,13,4.15,2.6,2001
65,13,4.2,2.6,2001
66,13,4.25,2.6,2001
67,13,4.3,2.6,2001
68,13,4.35,2.6,2001
69,13,4.4,2.6,2001
70,13,4.45,2.6,2001
71,13,4.5,2.6,2001
72,13,4.55,2.6,2001
73,13,4.6,2.6,2001
74,13,4.65,2.6,2001
75,13,4.7,2.6,2001
76,13,4.75,2.6,2001
77,13,4.8,2.6,2001
78,13,4.85,2.6,2001
79,13,4.9,2.6,2001
80,13,4.95,2.6,2001
1,14,1.0,2.65,1
2,14,1.05,2.65,1
3,14,1.1,2.65,1
4,14,1.15,2.65,1
5,14,1.2,2.65,1
6,14,1.25,2.65,1
7,14,1.3,2.65,1
8,14,1.35,2.65,1
9,14,1.4,2.65,1
10,14,1.45,2.65,1
11,14,1.5,2.65,1
12,14,1.55,2.65,1
13,14,1.6,2.65,1
14,14,1.65,2.65,1
15,14,1.7,2.65,1
16,14,1.75,2.65,1
17,14,1.8,2.65,1
18,14,1.85,2.65,1
19,14,1.9,2.65,1
20,14,1.95,2.65,1
21,14,2.0,2.65,2
22,14,2.05,2.65,2
23,14,2.1,2.65,2
24,14,2.15,2.65,2
25,14,2.2,2.65,2
26,14,2.25,2.65,2
27,14,2.3,2.65,2
28,14,2.35,2.65,2
29,14,2.4,2.65,2
30,14,2.45,2.65,2
31,14,2.5,2.65,2
32,14,2.55,2.65,4
33,14,2.6,2.65,4
34,14,2.65,2.65,4
35,14,2.7,2.65,2001
36,14,2.75,2.65,2001
37,14,2.8,2.65,2001
38,14,2.85,2.65,2001
39,14,2.9,2.65,2001
40,14,2.95,2.65,2001
41,14,3.0,2.65,2001
42,14,3.05,2.65,2001
43,14,3.1,2.65,2001
44,14,3.15,2.65,3
45,14,3.2,2.65,36
46,14,3.25,2.65,2001
47,14,3.3,2.65,2001
48,14,3.35,2.65,2001
49,14,3.4,2.65,2001
50,14,3.45,2.65,2001
51,14,3.5,2.65,2001
52,14,3.55,2.65,2001
53,14,3.6,2.65,4
54,14,3.65,2.65,2001
55,14,3.7,2.65,2001
56,14,3.75,2.65,2001
57,14,3.8,2.65,2001
58,14,3.85,2.65,2001
59,14,3.9,2.65,2001
60,14,3.95,2.65,2001
61,14,4.0,2.65,2001
62,14,4.05,2.65,2001
63,14,4.1,2.65,2001
64,14,4.15,2.65,2001
65,14,4.2,2.65,2001
66,14,4.25,2.65,2001
67,14,4.3,2.65,2001
68,14,4.35,2.65,2001
69,14,4.4,2.65,2001
70,14,4.45,2.65,2001
71,14,4.5,2.65,2001
72,14,4.55,2.65,2001
73,14,4.6,2.65,2001
74,14,4.65,2.65,2001
75,14,4.7,2.65,2001
76,14,4.75,2.65,2001
77,14,4.8,2.65,2001
78,14,4.85,2.65,2001
79,14,4.9,2.65,2001
80,14,4.95,2.65,2001
1,15,1.0,2.7,1
2,15,1.05,2.7,1
3,15,1.1,2.7,1
4,15,1.15,2.7,1
5,15,1.2,2.7,1
6,15,1.25,2.7,1
7,15,1.3,2.7,1
8,15,1.35,2.7,1
9,15,1.4,2.7,1
10,15,1.45,2.7,1
11,15,1.5,2.7,1
12,15,1.55,2.7,1
13,15,1.6,2.7,1
14,15,1.65,2.7,1
15,15,1.7,2.7,1
16,15,1.75,2.7,1
17,15,1.8,2.7,1
18,15,1.85,2.7,1
19,15,1.9,2.7,1
20,15,1.95,2.7,1
21,15,2.0,2.7,2
22,15,2.05,2.7,2
23,15,2.1,2.7,2
24,15,2.15,2.7,2
25,15,2.2,2.7,2
26,15,2.25,2.7,2
27,15,2.3,2.7,2
28,15,2.35,2.7,2
29,15,2.4,2.7,2
30,15,2.45,2.7,2
31,15,2.5,2.7,2
32,15,2.55,2.7,4
33,15,2.6,2.7,4
34,15,2.65,2.7,4
35,15,2.7,2.7,2001
36,15,2.75,2.7,2001
37,15,2.8,2.7,2001
38,15,2.85,2.7,2001
39,15,2.9,2.7,2001
40,15,2.95,2.7,2001
41,15,3.0,2.7,2001
42,15,3.05,2.7,2001
43,15,3.1,2.7,2001
44,15,3.15,2.7,3
45,15,3.2,2.7,36
46,15,3.25,2.7,2001
47,15,3.3,2.7,2001
48,15,3.35,2.7,2001
49,15,3.4,2.7,2001
50,15,3.45,2.7,2001
51,15,3.5,2.7,2001
52,15,3.55,2.7,2001
53,15,3.6,2.7,4
54,15,3.65,2.7,2001
55,15,3.7,2.7,2001
56,15,3.75,2.7,2001
57,15,3.8,2.7,2001
58,15,3.85,2.7,2001
59,15,3.9,2.7,2001
60,15,3.95,2.7,2001
61,15,4.0,2.7,2001
62,15,4.05,2.7,2001
63,15,4.1,2.7,2001
64,15,4.15,2.7,2001
65,15,4.2,2.7,2001
66,15,4.25,2.7,2001
67,15,4.3,2.7,2001
68,15,4.35,2.7,2001
69,15,4.4,2.7,2001
70,15,4.45,2.7,2001
71,15,4.5,2.7,2001
72,15,4.55,2.7,2001
73,15,4.6,2.7,2001
74,15,4.65,2.7,2001
75,15,4.7,2.7,2001
76,15,4.75,2.7,2001
77,15,4.8,2.7,2001
78,15,4.85,2.7,2001
79,15,4.9,2.7,2001
80,15,4.95,2.7,2001
1,16,1.0,2.75,1
2,16,1.05,2.75,1
3,16,1.1,2.75,1
4,16,1.15,2.75,1
5,16,1.2,2.75,1
6,16,1.25,2.75,1
7,16,1.3,2.75,1
8,16,1.35,2.75,1
9,16,1.4,2.75,1
10,16,1.45,2.75,1
11,16,1.5,2.75,1
12,16,1.55,2.75,1
13,16,1.6,2.75,1
14,16,1.65,2.75,1
15,16,1.7,2.75,1
16,16,1.75,2.75,1
17,16,1.8,2.75,1
18,16,1.85,2.75,1
19,16,1.9,2.75,1
20,16,1.95,2.75,1
21,16,2.0,2.75,2
22,16,2.05,2.75,2
23,16,2.1,2.75,2
24,16,2.15,2.75,2
25,16,2.2,2.75,2
26,16,2.25,2.75,2
27,16,2.3,2.75,2
28,16,2.35,2.75,2
29,16,2.4,2.75,2
30,16,2.45,2.75,2
31,16,2.5,2.75,2
32,16,2.55,2.75,4
33,16,2.6,2.75,4
34,16,2.65,2.75,4
35,16,2.7,2.75,2001
36,16,2.75,2.75,2001
37,16,2.8,2.75,2001
38,16,2.85,2.75,2001
39,16,2.9,2.75,2001
40,16,2.95,2.75,2001
41,16,3.0,2.75,2001
42,16,3.05,2.75,2001
43,16,3.1,2.75,2001
44,16,3.15,2.75,3
45,16,3.2,2.75,36
46,16,3.25,2.75,2001
47,16,3.3,2.75,2001
48,16,3.35,2.75,2001
49,16,3.4,2.75,2001
50,16,3.45,2.75,2001
51,16,3.5,2.75,2001
52,16,3.55,2.75,2001
53,16,3.6,2.75,4
54,16,3.65,2.75,2001
55,16,3.7,2.75,2001
56,16,3.75,2.75,2001
57,16,3.8,2.75,2001
58,16,3.85,2.75,2001
59,16,3.9,2.75,2001
60,16,3.95,2.75,2001
61,16,4.0,2.75,2001
62,16,4.05,2.75,2001
63,16,4.1,2.75,2001
64,16,4.15,2.75,2001
65,16,4.2,2.75,2001
66,16,4.25,2.75,2001
67,16,4.3,2.75,2001
68,16,4.35,2.75,2001
69,16,4.4,2.75,2001
70,16,4.45,2.75,2001
71,16,4.5,2.75,2001
72,16,4.55,2.75,2001
73,16,4.6,2.75,2001
74,16,4.65,2.75,2001
75,16,4.7,2.75,2001
76,16,4.75,2.75,2001
77,16,4.8,2.75,2001
78,16,4.85,2.75,2001
79,16,4.9,2.75,2001
80,16,4.95,2.75,2001
1,17,1.0,2.8,1
2,17,1.05,2.8,1
3,17,1.1,2.8,1
4,17,1.15,2.8,1
5,17,1.2,2.8,1
6,17,1.25,2.8,1
7,17,1.3,2.8,1
8,17,1.35,2.8,1
9,17,1.4,2.8,1
10,17,1.45,2.8,1
11,17,1.5,2.8,1
12,17,1.55,2.8,1
13,17,1.6,2.8,1
14,17,1.65,2.8,1
15,17,1.7,2.8,1
16,17,1.75,2.8,1
17,17,1.8,2.8,1
18,17,1.85,2.8,1
19,17,1.9,2.8,1
20,17,1.95,2.8,1
21,17,2.0,2.8,2
22,17,2.05,2.8,2
23,17,2.1,2.8,2
24,17,2.15,2.8,2
25,17,2.2,2.8,2
26,17,2.25,2.8,2
27,17,2.3,2.8,2
28,17,2.35,2.8,2
29,17,2.4,2.8,2
30,17,2.45,2.8,2
31,17,2.5,2.8,2
32,17,2.55,2.8,4
33,17,2.6,2.8,4
34,17,2.65,2.8,4
35,17,2.7,2.8,2001
36,17,2.75,2.8,2001
37,17,2.8,2.8,2001
38,17,2.85,2.8,2001
39,17,2.9,2.8,2001
40,17,2.95,2.8,2001
41,17,3.0,2.8,2001
42,17,3.05,2.8,2001
43,17,3.1,2.8,2001
44,17,3.15,2.8,3
45,17,3.2,2.8,36
46,17,3.25,2.8,2001
47,17,3.3,2.8,2001
48,17,3.35,2.8,2001
49,17,3.4,2.8,2001
50,17,3.45,2.8,2001
51,17,3.5,2.8,2001
52,17,3.55,2.8,2001
53,17,3.6,2.8,4
54,17,3.65,2.8,2001
55,17,3.7,2.8,2001
56,17,3.75,2.8,2001
57,17,3.8,2.8,2001
58,17,3.85,2.8,2001
59,17,3.9,2.8,2001
60,17,3.95,2.8,2001
61,17,4.0,2.8,2001
62,17,4.05,2.8,2001
63,17,4.1,2.8,2001
64,17,4.15,2.8,2001
65,17,4.2,2.8,2001
66,17,4.25,2.8,2001
67,17,4.3,2.8,2001
68,17,4.35,2.8,2001
69,17,4.4,2.8,2001
70,17,4.45,2.8,2001
71,17,4.5,2.8,2001
72,17,4.55,2.8,2001
73,17,4.6,2.8,2001
74,17,4.65,2.8,2001
75,17,4.7,2.8,2001
76,17,4.75,2.8,2001
77,17,4.8,2.8,2001
78,17,4.85,2.8,2001
79,17,4.9,2.8,2001
80,17,4.95,2.8,2001
1,18,1.0,2.85,1
2,18,1.05,2.85,1
3,18,1.1,2.85,1
4,18,1.15,2.85,1
5,18,1.2,2.85,1
6,18,1.25,2.85,1
7,18,1.3,2.85,1
8,18,1.35,2.85,1
9,18,1.4,2.85,1
10,18,1.45,2.85,1
11,18,1.5,2.85,1
12,18,1.55,2.85,1
13,18,1.6,2.85,1
14,18,1.65,2.85,1
15,18,1.7,2.85,1
16,18,1.75,2.85,1
17,18,1.8,2.85,1
18,18,1.85,2.85,1
19,18,1.9,2.85,1
20,18,1.95,2.85,1
21,18,2.0,2.85,2
22,18,2.05,2.85,2
23,18,2.1,2.85,2
24,18,2.15,2.85,2
25,18,2.2,2.85,2
26,18,2.25,2.85,2
27,18,2.3,2.85,2
28,18,2.35,2.85,2
29,18,2.4,2.85,2
30,18,2.45,2.85,2
31,18,2.5,2.85,2
32,18,2.55,2.85,4
33,18,2.6,2.85,4
34,18,2.65,2.85,4
35,18,2.7,2.85,2001
36,18,2.75,2.85,2001
37,18,2.8,2.85,2001
38,18,2.85,2.85,2001
39,18,2.9,2.85,2001
40,18,2.95,2.85,2001
41,18,3.0,2.85,2001
42,18,3.05,2.85,2001
43,18,3.1,2.85,2001
44,18,3.15,2.85,3
45,18,3.2,2.85,36
46,18,3.25,2.85,2001
47,18,3.3,2.85,2001
48,18,3.35,2.85,2001
49,18,3.4,2.85,2001
50,18,3.45,2.85,2001
51,18,3.5,2.85,2001
52,18,3.55,2.85,2001
53,18,3.6,2.85,4
54,18,3.65,2.85,2001
55,18,3.7,2.85,2001
56,18,3.75,2.85,2001
57,18,3.8,2.85,2001
58,18,3.85,2.85,2001
59,18,3.9,2.85,2001
60,18,3.95,2.85,2001
61,18,4.0,2.85,2001
62,18,4.05,2.85,2001
63,18,4.1,2.85,2001
64,18,4.15,2.85,2001
65,18,4.2,2.85,2001
66,18,4.25,2.85,2001
67,18,4.3,2.85,2001
68,18,4.35,2.85,2001
69,18,4.4,2.85,2001
70,18,4.45,2.85,2001
71,18,4.5,2.85,2001
72,18,4.55,2.85,2001
73,18,4.6,2.85,2001
74,18,4.65,2.85,2001
75,18,4.7,2.85,2001
76,18,4.75,2.85,2001
77,18,4.8,2.85,2001
78,18,4.85,2.85,2001
79,18,4.9,2.85,2001
80,18,4.95,2.85,2001
1,19,1.0,2.9,1
2,19,1.05,2.9,1
3,19,1.1,2.9,1
4,19,1.15,2.9,1
5,19,1.2,2.9,1
6,19,1.25,2.9,1
7,19,1.3,2.9,1
8,19,1.35,2.9,1
9,19,1.4,2.9,1
10,19,1.45,2.9,1
11,19,1.5,2.9,1
12,19,1.55,2.9,1
13,19,1.6,2.9,1
14,19,1.65,2.9,1
15,19,1.7,2.9,1
16,19,1.75,2.9,1
17,19,1.8,2.9,1
18,19,1.85,2.9,1
19,19,1.9,2.9,1
20,19,1.95,2.9,1
21,19,2.0,2.9,2
22,19,2.05,2.9,2
23,19,2.1,2.9,2
24,19,2.15,2.9,2
25,19,2.2,2.9,2
26,19,2.25,2.9,2
27,19,2.3,2.9,2
28,19,2.35,2.9,2
29,19,2.4,2.9,2
30,19,2.45,2.9,2
31,19,2.5,2.9,2
32,19,2.55,2.9,4
33,19,2.6,2.9,4
34,19,2.65,2.9,4
35,19,2.7,2.9,2001
36,19,2.75,2.9,2001
37,19,2.8,2.9,2001
38,19,2.85,2.9,2001
39,19,2.9,2.9,2001
40,19,2.95,2.9,2001
41,19,3.0,2.9,2001
42,19,3.05,2.9,2001
43,19,3.1,2.9,2001
44,19,3.15,2.9,3
45,19,3.2,2.9,36
46,19,3.25,2.9,2001
47,19,3.3,2.9,2001
48,19,3.35,2.9,2001
49,19,3.4,2.9,2001
50,19,3.45,2.9,2001
51,19,3.5,2.9,2001
52,19,3.55,2.9,2001
53,19,3.6,2.9,4
54,19,3.65,2.9,2001
55,19,3.7,2.9,2001
56,19,3.75,2.9,2001
57,19,3.8,2.9,2001
58,19,3.85,2.9,2001
59,19,3.9,2.9,2001
60,19,3.95,2.9,2001
61,19,4.0,2.9,2001
62,19,4.05,2.9,2001
63,19,4.1,2.9,2001
64,19,4.15,2.9,2001
65,19,4.2,2.9,2001
66,19,4.25,2.9,2001
67,19,4.3,2.9,2001
68,19,4.35,2.9,2001
69,19,4.4,2.9,2001
70,19,4.45,2.9,2001
71,19,4.5,2.9,2001
72,19,4.55,2.9,2001
73,19,4.6,2.9,2001
74,19,4.65,2.9,2001
75,19,4.7,2.9,2001
76,19,4.75,2.9,2001
77,19,4.8,2.9,2001
78,19,4.85,2.9,2001
79,19,4.9,2.9,2001
80,19,4.95,2.9,2001
1,20,1.0,2.95,1
2,20,1.05,2.95,1
3,20,1.1,2.95,1
4,20,1.15,2.95,1
5,20,1.2,2.95,1
6,20,1.25,2.95,1
7,20,1.3,2.95,1
8,20,1.35,2.95,1
9,20,1.4,2.95,1
10,20,1.45,2.95,1
11,20,1.5,2.95,1
12,20,1.55,2.95,1
13,20,1.6,2.95,1
14,20,1.65,2.95,1
15,20,1.7,2.95,1
16,20,1.75,2.95,1
17,20,1.8,2.95,1
18,20,1.85,2.95,1
19,20,1.9,2.95,1
20,20,1.95,2.95,1
21,20,2.0,2.95,2
22,20,2.05,2.95,2
23,20,2.1,2.95,2
24,20,2.15,2.95,2
25,20,2.2,2.95,2
26,20,2.25,2.95,2
27,20,2.3,2.95,2
28,20,2.35,2.95,2
29,20,2.4,2.95,2
30,20,2.45,2.95,2
31,20,2.5,2.95,2
32,20,2.55,2.95,4
33,20,2.6,2.95,4
34,20,2.65,2.95,4
35,20,2.7,2.95,2001
36,20,2.75,2.95,2001
37,20,2.8,2.95,2001
38,20,2.85,2.95,2001
39,20,2.9,2.95,2001
40,20,2.95,2.95,2001
41,20,3.0,2.95,2001
42,20,3.05,2.95,2001
43,20,3.1,2.95,2001
44,20,3.15,2.95,3
45,20,3.2,2.95,36
46,20,3.25,2.95,2001
47,20,3.3,2.95,2001
48,20,3.35,2.95,2001
49,20,3.4,2.95,2001
50,20,3.45,2.95,2001
51,20,3.5,2.95,2001
52,20,3.55,2.95,2001
53,20,3.6,2.95,4
54,20,3.65,2.95,2001
55,20,3.7,2.95,2001
56,20,3.75,2.95,2001
57,20,3.8,2.95,2001
58,20,3.85,2.95,2001
59,20,3.9,2.95,2001
60,20,3.95,2.95,2001
61,20,4.0,2.95,2001
62,20,4.05,2.95,2001
63,20,4.1,2.95,2001
64,20,4.15,2.95,2001
65,20,4.2,2.95,2001
66,20,4.25,2.95,2001
67,20,4.3,2.95,2001
68,20,4.35,2.95,2001
69,20,4.4,2.95,2001
70,20,4.45,2.95,2001
71,20,4.5,2.95,2001
72,20,4.55,2.95,2001
73,20,4.6,2.95,2001
74,20,4.65,2.95,2001
75,20,4.7,2.95,2001
76,20,4.75,2.95,2001
77,20,4.8,2.95,2001
78,20,4.85,2.95,2001
79,20,4.9,2.95,2001
80,20,4.95,2.95,2001
1,21,1.0,3.0,1
2,21,1.05,3.0,1
3,21,1.1,3.0,1
4,21,1.15,3.0,1
5,21,1.2,3.0,1
6,21,1.25,3.0,1
7,21,1.3,3.0,1
8,21,1.35,3.0,1
9,21,1.4,3.0,1
10,21,1.45,3.0,1
11,21,1.5,3.0,1
12,21,1.55,3.0,1
13,21,1.6,3.0,1
14,21,1.65,3.0,1
15,21,1.7,3.0,1
16,21,1.75,3.0,1
17,21,1.8,3.0,1
18,21,1.85,3.0,1
19,21,1.9,3.0,1
20,21,1.95,3.0,1
21,21,2.0,3.0,2
22,21,2.05,3.0,2
23,21,2.1,3.0,2
24,21,2.15,3.0,2
25,21,2.2,3.0,2
26,21,2.25,3.0,2
27,21,2.3,3.0,2
28,21,2.35,3.0,2
29,21,2.4,3.0,2
30,21,2.45,3.0,2
31,21,2.5,3.0,2
32,21,2.55,3.0,4
33,21,2.6,3.0,4
34,21,2.65,3.0,4
35,21,2.7,3.0,2001
36,21,2.75,3.0,2001
37,21,2.8,3.0,2001
38,21,2.85,3.0,2001
39,21,2.9,3.0,2001
40,21,2.95,3.0,2001
41,21,3.0,3.0,2001
42,21,3.05,3.0,2001
43,21,3.1,3.0,2001
44,21,3.15,3.0,3
45,21,3.2,3.0,36
46,21,3.25,3.0,2001
47,21,3.3,3.0,2001
48,21,3.35,3.0,2001
49,21,3.4,3.0,2001
50,21,3.45,3.0,2001
51,21,3.5,3.0,2001
52,21,3.55,3.0,2001
53,21,3.6,3.0,4
54,21,3.65,3.0,2001
55,21,3.7,3.0,2001
56,21,3.75,3.0,2001
57,21,3.8,3.0,2001
58,21,3.85,3.0,2001
59,21,3.9,3.0,2001
60,21,3.95,3.0,2001
61,21,4.0,3.0,2001
62,21,4.05,3.0,2001
63,21,4.1,3.0,2001
64,21,4.15,3.0,2001
65,21,4.2,3.0,2001
66,21,4.25,3.0,2001
67,21,4.3,3.0,2001
68,21,4.35,3.0,2001
69,21,4.4,3.0,2001
70,21,4.45,3.0,2001
71,21,4.5,3.0,2001
72,21,4.55,3.0,2001
73,21,4.6,3.0,2001
74,21,4.65,3.0,2001
75,21,4.7,3.0,2001
76,21,4.75,3.0,2001
77,21,4.8,3.0,2001
78,21,4.85,3.0,2001
79,21,4.9,3.0,2001
80,21,4.95,3.0,2001
1,22,1.0,3.05,1
2,22,1.05,3.05,1
3,22,1.1,3.05,1
4,22,1.15,3.05,1
5,22,1.2,3.05,1
6,22,1.25,3.05,1
7,22,1.3,3.05,1
8,22,1.35,3.05,1
9,22,1.4,3.05,1
10,22,1.45,3.05,1
11,22,1.5,3.05,1
12,22,1.55,3.05,1
13,22,1.6,3.05,1
14,22,1.65,3.05,1
15,22,1.7,3.05,1
16,22,1.75,3.05,1
17,22,1.8,3.05,1
18,22,1.85,3.05,1
19,22,1.9,3.05,1
20,22,1.95,3.05,1
21,22,2.0,3.05,2
22,22,2.05,3.05,2
23,22,2.1,3.05,2
24,22,2.15,3.05,2
25,22,2.2,3.05,2
26,22,2.25,3.05,2
27,22,2.3,3.05,2
28,22,2.35,3.05,2
29,22,2.4,3.05,2
30,22,2.45,3.05,2
31,22,2.5,3.05,2
32,22,2.55,3.05,4
33,22,2.6,3.05,4
34,22,2.65,3.05,4
35,22,2.7,3.05,2001
36,22,2.75,3.05,2001
37,22,2.8,3.05,2001
38,22,2.85,3.05,2001
39,22,2.9,3.05,2001
40,22,2.95,3.05,2001
41,22,3.0,3.05,2001
42,22,3.05,3.05,2001
43,22,3.1,3.05,2001
44,22,3.15,3.05,3
45,22,3.2,3.05,36
46,22,3.25,3.05,2001
47,22,3.3,3.05,2001
48,22,3.35,3.05,2001
49,22,3.4,3.05,2001
50,22,3.45,3.05,2001
51,22,3.5,3.05,2001
52,22,3.55,3.05,2001
53,22,3.6,3.05,4
54,22,3.65,3.05,2001
55,22,3.7,3.05,2001
56,22,3.75,3.05,2001
57,22,3.8,3.05,2001
58,22,3.85,3.05,2001
59,22,3.9,3.05,2001
60,22,3.95,3.05,2001
61,22,4.0,3.05,2001
62,22,4.05,3.05,2001
63,22,4.1,3.05,2001
64,22,4.15,3.05,2001
65,22,4.2,3.05,2001
66,22,4.25,3.05,2001
67,22,4.3,3.05,2001
68,22,4.35,3.05,2001
69,22,4.4,3.05,2001
70,22,4.45,3.05,2001
71,22,4.5,3.05,2001
72,22,4.55,3.05,2001
73,22,4.6,3.05,2001
74,22,4.65,3.05,2001
75,22,4.7,3.05,2001
76,22,4.75,3.05,2001
77,22,4.8,3.05,2001
78,22,4.85,3.05,2001
79,22,4.9,3.05,2001
80,22,4.95,3.05,2001
1,23,1.0,3.1,1
2,23,1.05,3.1,1
3,23,1.1,3.1,1
4,23,1.15,3.1,1
5,23,1.2,3.1,1
6,23,1.25,3.1,1
7,23,1.3,3.1,1
8,23,1.35,3.1,1
9,23,1.4,3.1,1
10,23,1.45,3.1,1
11,23,1.5,3.1,1
12,23,1.55,3.1,1
13,23,1.6,3.1,1
14,23,1.65,3.1,1
15,23,1.7,3.1,1
16,23,1.75,3.1,1
17,23,1.8,3.1,1
18,23,1.85,3.1,1
19,23,1.9,3.1,1
20,23,1.95,3.1,1
21,23,2.0,3.1,2
22,23,2.05,3.1,2
23,23,2.1,3.1,2
24,23,2.15,3.1,2
25,23,2.2,3.1,2
26,23,2.25,3.1,2
27,23,2.3,3.1,2
28,23,2.35,3.1,2
29,23,2.4,3.1,2
30,23,2.45,3.1,2
31,23,2.5,3.1,2
32,23,2.55,3.1,4
33,23,2.6,3.1,4
34,23,2.65,3.1,4
35,23,2.7,3.1,2001
36,23,2.75,3.1,2001
37,23,2.8,3.1,2001
38,23,2.85,3.1,2001
39,23,2.9,3.1,2001
40,23,2.95,3.1,2001
41,23,3.0,3.1,2001
42,23,3.05,3.1,2001
43,23,3.1,3.1,2001
44,23,3.15,3.1,3
45,23,3.2,3.1,36
46,23,3.25,3.1,2001
47,23,3.3,3.1,2001
48,23,3.35,3.1,2001
49,23,3.4,3.1,2001
50,23,3.45,3.1,2001
51,23,3.5,3.1,2001
52,23,3.55,3.1,2001
53,23,3.6,3.1,4
54,23,3.65,3.1,2001
55,23,3.7,3.1,2001
56,23,3.75,3.1,2001
57,23,3.8,3.1,2001
58,23,3.85,3.1,2001
59,23,3.9,3.1,2001
60,23,3.95,3.1,2001
61,23,4.0,3.1,2001
62,23,4.05,3.1,2001
63,23,4.1,3.1,2001
64,23,4.15,3.1,2001
65,23,4.2,3.1,2001
66,23,4.25,3.1,2001
67,23,4.3,3.1,2001
68,23,4.35,3.1,2001
69,23,4.4,3.1,2001
70,23,4.45,3.1,2001
71,23,4.5,3.1,2001
72,23,4.55,3.1,2001
73,23,4.6,3.1,2001
74,23,4.65,3.1,2001
75,23,4.7,3.1,2001
76,23,4.75,3.1,2001
77,23,4.8,3.1,2001
78,23,4.85,3.1,2001
79,23,4.9,3.1,2001
80,23,4.95,3.1,2001
1,24,1.0,3.15,1
2,24,1.05,3.15,1
3,24,1.1,3.15,1
4,24,1.15,3.15,1
5,24,1.2,3.15,1
6,24,1.25,3.15,1
7,24,1.3,3.15,1
8,24,1.35,3.15,1
9,24,1.4,3.15,1
10,24,1.45,3.15,1
11,24,1.5,3.15,1
12,24,1.55,3.15,1
13,24,1.6,3.15,1
14,24,1.65,3.15,1
15,24,1.7,3.15,1
16,24,1.75,3.15,1
17,24,1.8,3.15,1
18,24,1.85,3.15,1
19,24,1.9,3.15,1
20,24,1.95,3.15,1
21,24,2.0,3.15,2
22,24,2.05,3.15,2
23,24,2.1,3.15,2
24,24,2.15,3.15,2
25,24,2.2,3.15,2
26,24,2.25,3.15,2
27,24,2.3,3.15,2
28,24,2.35,3.15,2
29,24,2.4,3.15,2
30,24,2.45,3.15,2
31,24,2.5,3.15,2
32,24,2.55,3.15,4
33,24,2.6,3.15,4
34,24,2.65,3.15,4
35,24,2.7,3.15,2001
36,24,2.75,3.15,2001
37,24,2.8,3.15,2001
38,24,2.85,3.15,2001
39,24,2.9,3.15,2001
40,24,2.95,3.15,2001
41,24,3.0,3.15,2001
42,24,3.05,3.15,2001
43,24,3.1,3.15,2001
44,24,3.15,3.15,3
45,24,3.2,3.15,36
46,24,3.25,3.15,2001
47,24,3.3,3.15,2001
48,24,3.35,3.15,2001
49,24,3.4,3.15,2001
50,24,3.45,3.15,2001
51,24,3.5,3.15,2001
52,24,3.55,3.15,2001
53,24,3.6,3.15,4
54,24,3.65,3.15,2001
55,24,3.7,3.15,2001
56,24,3.75,3.15,2001
57,24,3.8,3.15,2001
58,24,3.85,3.15,2001
59,24,3.9,3.15,2001
60,24,3.95,3.15,2001
61,24,4.0,3.15,2001
62,24,4.05,3.15,2001
63,24,4.1,3.15,2001
64,24,4.15,3.15,2001
65,24,4.2,3.15,2001
66,24,4.25,3.15,2001
67,24,4.3,3.15,2001
68,24,4.35,3.15,2001
69,24,4.4,3.15,2001
70,24,4.45,3.15,2001
71,24,4.5,3.15,2001
72,24,4.55,3.15,2001
73,24,4.6,3.15,2001
74,24,4.65,3.15,2001
75,24,4.7,3.15,2001
76,24,4.75,3.15,2001
77,24,4.8,3.15,2001
78,24,4.85,3.15,2001
79,24,4.9,3.15,2001
80,24,4.95,3.15,2001
1,25,1.0,3.2,1
2,25,1.05,3.2,1
3,25,1.1,3.2,1
4,25,1.15,3.2,1
5,25,1.2,3.2,1
6,25,1.25,3.2,1
7,25,1.3,3.2,1
8,25,1.35,3.2,1
9,25,1.4,3.2,1
10,25,1.45,3.2,1
11,25,1.5,3.2,1
12,25,1.55,3.2,1
13,25,1.6,3.2,1
14,25,1.65,3.2,1
15,25,1.7,3.2,1
16,25,1.75,3.2,1
17,25,1.8,3.2,1
18,25,1.85,3.2,1
19,25,1.9,3.2,1
20,25,1.95,3.2,1
21,25,2.0,3.2,2
22,25,2.05,3.2,2
23,25,2.1,3.2,2
24,25,2.15,3.2,2
25,25,2.2,3.2,2
26,25,2.25,3.2,2
27,25,2.3,3.2,2
28,25,2.35,3.2,2
29,25,2.4,3.2,2
30,25,2.45,3.2,2
31,25,2.5,3.2,2
32,25,2.55,3.2,4
33,25,2.6,3.2,4
34,25,2.65,3.2,4
35,25,2.7,3.2,2001
36,25,2.75,3.2,2001
37,25,2.8,3.2,2001
38,25,2.85,3.2,2001
39,25,2.9,3.2,2001
40,25,2.95,3.2,2001
41,25,3.0,3.2,2001
42,25,3.05,3.2,2001
43,25,3.1,3.2,2001
44,25,3.15,3.2,3
45,25,3.2,3.2,36
46,25,3.25,3.2,2001
47,25,3.3,3.2,2001
48,25,3.35,3.2,2001
49,25,3.4,3.2,2001
50,25,3.45,3.2,2001
51,25,3.5,3.2,2001
52,25,3.55,3.2,2001
53,25,3.6,3.2,4
54,25,3.65,3.2,2001
55,25,3.7,3.2,2001
56,25,3.75,3.2,2001
57,25,3.8,3.2,2001
58,25,3.85,3.2,2001
59,25,3.9,3.2,2001
60,25,3.95,3.2,2001
61,25,4.0,3.2,2001
62,25,4.05,3.2,2001
63,25,4.1,3.2,2001
64,25,4.15,3.2,2001
65,25,4.2,3.2,2001
66,25,4.25,3.2,2001
67,25,4.3,3.2,2001
68,25,4.35,3.2,2001
69,25,4.4,3.2,2001
70,25,4.45,3.2,2001
71,25,4.5,3.2,2001
72,25,4.55,3.2,2001
73,25,4.6,3.2,2001
74,25,4.65,3.2,2001
75,25,4.7,3.2,2001
76,25,4.75,3.2,2001
77,25,4.8,3.2,2001
78,25,4.85,3.2,2001
79,25,4.9,3.2,2001
80,25,4.95,3.2,2001
1,26,1.0,3.25,1
2,26,1.05,3.25,1
3,26,1.1,3.25,1
4,26,1.15,3.25,1
5,26,1.2,3.25,1
6,26,1.25,3.25,1
7,26,1.3,3.25,1
8,26,1.35,3.25,1
9,26,1.4,3.25,1
10,26,1.45,3.25,1
11,26,1.5,3.25,1
12,26,1.55,3.25,1
13,26,1.6,3.25,1
14,26,1.65,3.25,1
15,26,1.7,3.25,1
16,26,1.75,3.25,1
17,26,1.8,3.25,1
18,26,1.85,3.25,1
19,26,1.9,3.25,1
20,26,1.95,3.25,1
21,26,2.0,3.25,2
22,26,2.05,3.25,2
23,26,2.1,3.25,2
24,26,2.15,3.25,2
25,26,2.2,3.25,2
26,26,2.25,3.25,2
27,26,2.3,3.25,2
28,26,2.35,3.25,2
29,26,2.4,3.25,2
30,26,2.45,3.25,2
31,26,2.5,3.25,2
32,26,2.55,3.25,4
33,26,2.6,3.25,4
34,26,2.65,3.25,4
35,26,2.7,3.25,2001
36,26,2.75,3.25,2001
37,26,2.8,3.25,2001
38,26,2.85,3.25,2001
39,26,2.9,3.25,2001
40,26,2.95,3.25,2001
41,26,3.0,3.25,2001
42,26,3.05,3.25,2001
43,26,3.1,3.25,2001
44,26,3.15,3.25,3
45,26,3.2,3.25,36
46,26,3.25,3.25,2001
47,26,3.3,3.25,2001
48,26,3.35,3.25,2001
49,26,3.4,3.25,2001
50,26,3.45,3.25,2001
51,26,3.5,3.25,2001
52,26,3.55,3.25,2001
53,26,3.6,3.25,4
54,26,3.65,3.25,2001
55,26,3.7,3.25,2001
56,26,3.75,3.25,2001
57,26,3.8,3.25,2001
58,26,3.85,3.25,2001
59,26,3.9,3.25,2001
60,26,3.95,3.25,2001
61,26,4.0,3.25,2001
62,26,4.05,3.25,2001
63,26,4.1,3.25,2001
64,26,4.15,3.25,2001
65,26,4.2,3.25,2001
66,26,4.25,3.25,2001
67,26,4.3,3.25,2001
68,26,4.35,3.25,2001
69,26,4.4,3.25,2001
70,26,4.45,3.25,2001
71,26,4.5,3.25,2001
72,26,4.55,3.25,2001
73,26,4.6,3.25,2001
74,26,4.65,3.25,2001
75,26,4.7,3.25,2001
76,26,4.75,3.25,2001
77,26,4.8,3.25,2001
78,26,4.85,3.25,2001
79,26,4.9,3.25,2001
80,26,4.95,3.25,2001
1,27,1.0,3.3,1
2,27,1.05,3.3,1
3,27,1.1,3.3,1
4,27,1.15,3.3,1
5,27,1.2,3.3,1
6,27,1.25,3.3,1
7,27,1.3,3.3,1
8,27,1.35,3.3,1
9,27,1.4,3.3,1
10,27,1.45,3.3,1
11,27,1.5,3.3,1
12,27,1.55,3.3,1
13,27,1.6,3.3,1
14,27,1.65,3.3,1
15,27,1.7,3.3,1
16,27,1.75,3.3,1
17,27,1.8,3.3,1
18,27,1.85,3.3,1
19,27,1.9,3.3,1
20,27,1.95,3.3,1
21,27,2.0,3.3,2
22,27,2.05,3.3,2
23,27,2.1,3.3,2
24,27,2.15,3.3,2
25,27,2.2,3.3,2
26,27,2.25,3.3,2
27,27,2.3,3.3,2
28,27,2.35,3.3,2
29,27,2.4,3.3,2
30,27,2.45,3.3,2
31,27,2.5,3.3,2
32,27,2.55,3.3,4
33,27,2.6,3.3,4
34,27,2.65,3.3,4
35,27,2.7,3.3,2001
36,27,2.75,3.3,2001
37,27,2.8,3.3,2001
38,27,2.85,3.3,2001
39,27,2.9,3.3,2001
40,27,2.95,3.3,2001
41,27,3.0,3.3,2001
42,27,3.05,3.3,2001
43,27,3.1,3.3,2001
44,27,3.15,3.3,3
45,27,3.2,3.3,36
46,27,3.25,3.3,2001
47,27,3.3,3.3,2001
48,27,3.35,3.3,2001
49,27,3.4,3.3,2001
50,27,3.45,3.3,2001
51,27,3.5,3.3,2001
52,27,3.55,3.3,2001
53,27,3.6,3.3,4
54,27,3.65,3.3,2001
55,27,3.7,3.3,2001
56,27,3.75,3.3,2001
57,27,3.8,3.3,2001
58,27,3.85,3.3,2001
59,27,3.9,3.3,2001
60,27,3.95,3.3,2001
61,27,4.0,3.3,2001
62,27,4.05,3.3,2001
63,27,4.1,3.3,2001
64,27,4.15,3.3,2001
65,27,4.2,3.3,2001
66,27,4.25,3.3,2001
67,27,4.3,3.3,2001
68,27,4.35,3.3,2001
69,27,4.4,3.3,2001
70,27,4.45,3.3,2001
71,27,4.5,3.3,2001
72,27,4.55,3.3,2001
73,27,4.6,3.3,2001
74,27,4.65,3.3,2001
75,27,4.7,3.3,2001
76,27,4.75,3.3,2001
77,27,4.8,3.3,2001
78,27,4.85,3.3,2001
79,27,4.9,3.3,2001
80,27,4.95,3.3,2001
1,28,1.0,3.35,1
2,28,1.05,3.35,1
3,28,1.1,3.35,1
4,28,1.15,3.35,1
5,28,1.2,3.35,1
6,28,1.25,3.35,1
7,28,1.3,3.35,1
8,28,1.35,3.35,1
9,28,1.4,3.35,1
10,28,1.45,3.35,1
11,28,1.5,3.35,1
12,28,1.55,3.35,1
13,28,1.6,3.35,1
14,28,1.65,3.35,1
15,28,1.7,3.35,1
16,28,1.75,3.35,1
17,28,1.8,3.35,1
18,28,1.85,3.35,1
19,28,1.9,3.35,1
20,28,1.95,3.35,1
21,28,2.0,3.35,2
22,28,2.05,3.35,2
23,28,2.1,3.35,2
24,28,2.15,3.35,2
25,28,2.2,3.35,2
26,28,2.25,3.35,2
27,28,2.3,3.35,2
28,28,2.35,3.35,2
29,28,2.4,3.35,2
30,28,2.45,3.35,2
31,28,2.5,3.35,2
32,28,2.55,3.35,4
33,28,2.6,3.35,4
34,28,2.65,3.35,4
35,28,2.7,3.35,2001
36,28,2.75,3.35,2001
37,28,2.8,3.35,2001
38,28,2.85,3.35,2001
39,28,2.9,3.35,2001
40,28,2.95,3.35,2001
41,28,3.0,3.35,2001
42,28,3.05,3.35,2001
43,28,3.1,3.35,2001
44,28,3.15,3.35,3
45,28,3.2,3.35,36
46,28,3.25,3.35,2001
47,28,3.3,3.35,2001
48,28,3.35,3.35,2001
49,28,3.4,3.35,2001
50,28,3.45,3.35,2001
51,28,3.5,3.35,2001
52,28,3.55,3.35,2001
53,28,3.6,3.35,4
54,28,3.65,3.35,2001
55,28,3.7,3.35,2001
56,28,3.75,3.35,2001
57,28,3.8,3.35,2001
58,28,3.85,3.35,2001
59,28,3.9,3.35,2001
60,28,3.95,3.35,2001
61,28,4.0,3.35,2001
62,28,4.05,3.35,2001
63,28,4.1,3.35,2001
64,28,4.15,3.35,2001
65,28,4.2,3.35,2001
66,28,4.25,3.35,2001
67,28,4.3,3.35,2001
68,28,4.35,3.35,2001
69,28,4.4,3.35,2001
70,28,4.45,3.35,2001
71,28,4.5,3.35,2001
72,28,4.55,3.35,2001
73,28,4.6,3.35,2001
74,28,4.65,3.35,2001
75,28,4.7,3.35,2001
76,28,4.75,3.35,2001
77,28,4.8,3.35,2001
78,28,4.85,3.35,2001
79,28,4.9,3.35,2001
80,28,4.95,3.35,2001
1,29,1.0,3.4,1
2,29,1.05,3.4,1
3,29,1.1,3.4,1
4,29,1.15,3.4,1
5,29,1.2,3.4,1
6,29,1.25,3.4,1
7,29,1.3,3.4,1
8,29,1.35,3.4,1
9,29,1.4,3.4,1
10,29,1.45,3.4,1
11,29,1.5,3.4,1
12,29,1.55,3.4,1
13,29,1.6,3.4,1
14,29,1.65,3.4,1
15,29,1.7,3.4,1
16,29,1.75,3.4,1
17,29,1.8,3.4,1
18,29,1.85,3.4,1
19,29,1.9,3.4,1
20,29,1.95,3.4,1
21,29,2.0,3.4,2
22,29,2.05,3.4,2
23,29,2.1,3.4,2
24,29,2.15,3.4,2
25,29,2.2,3.4,2
26,29,2.25,3.4,2
27,29,2.3,3.4,2
28,29,2.35,3.4,2
29,29,2.4,3.4,2
30,29,2.45,3.4,2
31,29,2.5,3.4,2
32,29,2.55,3.4,4
33,29,2.6,3.4,4
34,29,2.65,3.4,4
35,29,2.7,3.4,2001
36,29,2.75,3.4,2001
37,29,2.8,3.4,2001
38,29,2.85,3.4,2001
39,29,2.9,3.4,2001
40,29,2.95,3.4,2001
41,29,3.0,3.4,2001
42,29,3.05,3.4,2001
43,29,3.1,3.4,2001
44,29,3.15,3.4,3
45,29,3.2,3.4,36
46,29,3.25,3.4,2001
47,29,3.3,3.4,2001
48,29,3.35,3.4,2001
49,29,3.4,3.4,2001
50,29,3.45,3.4,2001
51,29,3.5,3.4,2001
52,29,3.55,3.4,2001
53,29,3.6,3.4,4
54,29,3.65,3.4,2001
55,29,3.7,3.4,2001
56,29,3.75,3.4,2001
57,29,3.8,3.4,2001
58,29,3.85,3.4,2001
59,29,3.9,3.4,2001
60,29,3.95,3.4,2001
61,29,4.0,3.4,2001
62,29,4.05,3.4,2001
63,29,4.1,3.4,2001
64,29,4.15,3.4,2001
65,29,4.2,3.4,2001
66,29,4.25,3.4,2001
67,29,4.3,3.4,2001
68,29,4.35,3.4,2001
69,29,4.4,3.4,2001
70,29,4.45,3.4,2001
71,29,4.5,3.4,2001
72,29,4.55,3.4,2001
73,29,4.6,3.4,2001
74,29,4.65,3.4,2001
75,29,4.7,3.4,2001
76,29,4.75,3.4,2001
77,29,4.8,3.4,2001
78,29,4.85,3.4,2001
79,29,4.9,3.4,2001
80,29,4.95,3.4,2001
1,30,1.0,3.45,1
2,30,1.05,3.45,1
3,30,1.1,3.45,1
4,30,1.15,3.45,1
5,30,1.2,3.45,1
6,30,1.25,3.45,1
7,30,1.3,3.45,1
8,30,1.35,3.45,1
9,30,1.4,3.45,1
10,30,1.45,3.45,1
11,30,1.5,3.45,1
12,30,1.55,3.45,1
13,30,1.6,3.45,1
14,30,1.65,3.45,1
15,30,1.7,3.45,1
16,30,1.75,3.45,1
17,30,1.8,3.45,1
18,30,1.85,3.45,1
19,30,1.9,3.45,1
20,30,1.95,3.45,1
21,30,2.0,3.45,2
22,30,2.05,3.45,2
23,30,2.1,3.45,2
24,30,2.15,3.45,2
25,30,2.2,3.45,2
26,30,2.25,3.45,2
27,30,2.3,3.45,2
28,30,2.35,3.45,2
29,30,2.4,3.45,2
30,30,2.45,3.45,2
31,30,2.5,3.45,2
32,30,2.55,3.45,4
33,30,2.6,3.45,4
34,30,2.65,3.45,4
35,30,2.7,3.45,2001
36,30,2.75,3.45,2001
37,30,2.8,3.45,2001
38,30,2.85,3.45,2001
39,30,2.9,3.45,2001
40,30,2.95,3.45,2001
41,30,3.0,3.45,2001
42,30,3.05,3.45,2001
43,30,3.1,3.45,2001
44,30,3.15,3.45,3
45,30,3.2,3.45,36
46,30,3.25,3.45,2001
47,30,3.3,3.45,2001
48,30,3.35,3.45,2001
49,30,3.4,3.45,2001
50,30,3.45,3.45,2001
51,30,3.5,3.45,2001
52,30,3.55,3.45,2001
53,30,3.6,3.45,4
54,30,3.65,3.45,2001
55,30,3.7,3.45,2001
56,30,3.75,3.45,2001
57,30,3.8,3.45,2001
58,30,3.85,3.45,2001
59,30,3.9,3.45,2001
60,30,3.95,3.45,2001
61,30,4.0,3.45,2001
62,30,4.05,3.45,2001
63,30,4.1,3.45,2001
64,30,4.15,3.45,2001
65,30,4.2,3.45,2001
66,30,4.25,3.45,2001
67,30,4.3,3.45,2001
68,30,4.35,3.45,2001
69,30,4.4,3.45,2001
70,30,4.45,3.45,2001
71,30,4.5,3.45,2001
72,30,4.55,3.45,2001
73,30,4.6,3.45,2001
74,30,4.65,3.45,2001
75,30,4.7,3.45,2001
76,30,4.75,3.45,2001
77,30,4.8,3.45,2001
78,30,4.85,3.45,2001
79,30,4.9,3.45,2001
80,30,4.95,3.45,2001
1,31,1.0,3.5,1
2,31,1.05,3.5,1
3,31,1.1,3.5,1
4,31,1.15,3.5,1
5,31,1.2,3.5,1
6,31,1.25,3.5,1
7,31,1.3,3.5,1
8,31,1.35,3.5,1
9,31,1.4,3.5,1
10,31,1.45,3.5,1
11,31,1.5,3.5,1
12,31,1.55,3.5,1
13,31,1.6,3.5,1
14,31,1.65,3.5,1
15,31,1.7,3.5,1
16,31,1.75,3.5,1
17,31,1.8,3.5,1
18,31,1.85,3.5,1
19,31,1.9,3.5,1
20,31,1.95,3.5,1
21,31,2.0,3.5,2
22,31,2.05,3.5,2
23,31,2.1,3.5,2
24,31,2.15,3.5,2
25,31,2.2,3.5,2
26,31,2.25,3.5,2
27,31,2.3,3.5,2
28,31,2.35,3.5,2
29,31,2.4,3.5,2
30,31,2.45,3.5,2
31,31,2.5,3.5,2
32,31,2.55,3.5,4
33,31,2.6,3.5,4
34,31,2.65,3.5,4
35,31,2.7,3.5,2001
36,31,2.75,3.5,2001
37,31,2.8,3.5,2001
38,31,2.85,3.5,2001
39,31,2.9,3.5,2001
40,31,2.95,3.5,2001
41,31,3.0,3.5,2001
42,31,3.05,3.5,2001
43,31,3.1,3.5,2001
44,31,3.15,3.5,3
45,31,3.2,3.5,36
46,31,3.25,3.5,2001
47,31,3.3,3.5,2001
48,31,3.35,3.5,2001
49,31,3.4,3.5,2001
50,31,3.45,3.5,2001
51,31,3.5,3.5,2001
52,31,3.55,3.5,2001
53,31,3.6,3.5,4
54,31,3.65,3.5,2001
55,31,3.7,3.5,2001
56,31,3.75,3.5,2001
57,31,3.8,3.5,2001
58,31,3.85,3.5,2001
59,31,3.9,3.5,2001
60,31,3.95,3.5,2001
61,31,4.0,3.5,2001
62,31,4.05,3.5,2001
63,31,4.1,3.5,2001
64,31,4.15,3.5,2001
65,31,4.2,3.5,2001
66,31,4.25,3.5,2001
67,31,4.3,3.5,2001
68,31,4.35,3.5,2001
69,31,4.4,3.5,2001
70,31,4.45,3.5,2001
71,31,4.5,3.5,2001
72,31,4.55,3.5,2001
73,31,4.6,3.5,2001
74,31,4.65,3.5,2001
75,31,4.7,3.5,2001
76,31,4.75,3.5,2001
77,31,4.8,3.5,2001
78,31,4.85,3.5,2001
79,31,4.9,3.5,2001
80,31,4.95,3.5,2001
1,32,1.0,3.55,1
2,32,1.05,3.55,1
3,32,1.1,3.55,1
4,32,1.15,3.55,1
5,32,1.2,3.55,1
6,32,1.25,3.55,1
7,32,1.3,3.55,1
8,32,1.35,3.55,1
9,32,1.4,3.55,1
10,32,1.45,3.55,1
11,32,1.5,3.55,1
12,32,1.55,3.55,1
13,32,1.6,3.55,1
14,32,1.65,3.55,1
15,32,1.7,3.55,1
16,32,1.75,3.55,1
17,32,1.8,3.55,1
18,32,1.85,3.55,1
19,32,1.9,3.55,1
20,32,1.95,3.55,1
21,32,2.0,3.55,2
22,32,2.05,3.55,2
23,32,2.1,3.55,2
24,32,2.15,3.55,2
25,32,2.2,3.55,2
26,32,2.25,3.55,2
27,32,2.3,3.55,2
28,32,2.35,3.55,2
29,32,2.4,3.55,2
30,32,2.45,3.55,2
31,32,2.5,3.55,2
32,32,2.55,3.55,4
33,32,2.6,3.55,4
34,32,2.65,3.55,4
35,32,2.7,3.55,2001
36,32,2.75,3.55,2001
37,32,2.8,3.55,2001
38,32,2.85,3.55,2001
39,32,2.9,3.55,2001
40,32,2.95,3.55,2001
41,32,3.0,3.55,2001
42,32,3.05,3.55,2001
43,32,3.1,3.55,2001
44,32,3.15,3.55,3
45,32,3.2,3.55,36
46,32,3.25,3.55,2001
47,32,3.3,3.55,2001
48,32,3.35,3.55,2001
49,32,3.4,3.55,2001
50,32,3.45,3.55,2001
51,32,3.5,3.55,2001
52,32,3.55,3.55,2001
53,32,3.6,3.55,4
54,32,3.65,3.55,2001
55,32,3.7,3.55,2001
56,32,3.75,3.55,2001
57,32,3.8,3.55,2001
58,32,3.85,3.55,2001
59,32,3.9,3.55,2001
60,32,3.95,3.55,2001
61,32,4.0,3.55,2001
62,32,4.05,3.55,2001
63,32,4.1,3.55,2001
64,32,4.15,3.55,2001
65,32,4.2,3.55,2001
66,32,4.25,3.55,2001
67,32,4.3,3.55,2001
68,32,4.35,3.55,2001
69,32,4.4,3.55,2001
70,32,4.45,3.55,2001
71,32,4.5,3.55,2001
72,32,4.55,3.55,2001
73,32,4.6,3.55,2001
74,32,4.65,3.55,2001
75,32,4.7,3.55,2001
76,32,4.75,3.55,2001
77,32,4.8,3.55,2001
78,32,4.85,3.55,2001
79,32,4.9,3.55,2001
80,32,4.95,3.55,2001
1,33,1.0,3.6,1
2,33,1.05,3.6,1
3,33,1.1,3.6,1
4,33,1.15,3.6,1
5,33,1.2,3.6,1
6,33,1.25,3.6,1
7,33,1.3,3.6,1
8,33,1.35,3.6,1
9,33,1.4,3.6,1
10,33,1.45,3.6,1
11,33,1.5,3.6,1
12,33,1.55,3.6,1
13,33,1.6,3.6,1
14,33,1.65,3.6,1
15,33,1.7,3.6,1
16,33,1.75,3.6,1
17,33,1.8,3.6,1
18,33,1.85,3.6,1
19,33,1.9,3.6,1
20,33,1.95,3.6,1
21,33,2.0,3.6,2
22,33,2.05,3.6,2
23,33,2.1,3.6,2
24,33,2.15,3.6,2
25,33,2.2,3.6,2
26,33,2.25,3.6,2
27,33,2.3,3.6,2
28,33,2.35,3.6,2
29,33,2.4,3.6,2
30,33,2.45,3.6,2
31,33,2.5,3.6,2
32,33,2.55,3.6,4
33,33,2.6,3.6,4
34,33,2.65,3.6,4
35,33,2.7,3.6,2001
36,33,2.75,3.6,2001
37,33,2.8,3.6,2001
38,33,2.85,3.6,2001
39,33,2.9,3.6,2001
40,33,2.95,3.6,2001
41,33,3.0,3.6,2001
42,33,3.05,3.6,2001
43,33,3.1,3.6,2001
44,33,3.15,3.6,3
45,33,3.2,3.6,36
46,33,3.25,3.6,2001
47,33,3.3,3.6,2001
48,33,3.35,3.6,2001
49,33,3.4,3.6,2001
50,33,3.45,3.6,2001
51,33,3.5,3.6,2001
52,33,3.55,3.6,2001
53,33,3.6,3.6,4
54,33,3.65,3.6,2001
55,33,3.7,3.6,2001
56,33,3.75,3.6,2001
57,33,3.8,3.6,2001
58,33,3.85,3.6,2001
59,33,3.9,3.6,2001
60,33,3.95,3.6,2001
61,33,4.0,3.6,2001
62,33,4.05,3.6,2001
63,33,4.1,3.6,2001
64,33,4.15,3.6,2001
65,33,4.2,3.6,2001
66,33,4.25,3.6,2001
67,33,4.3,3.6,2001
68,33,4.35,3.6,2001
69,33,4.4,3.6,2001
70,33,4.45,3.6,2001
71,33,4.5,3.6,2001
72,33,4.55,3.6,2001
73,33,4.6,3.6,2001
74,33,4.65,3.6,2001
75,33,4.7,3.6,2001
76,33,4.75,3.6,2001
77,33,4.8,3.6,2001
78,33,4.85,3.6,2001
79,33,4.9,3.6,2001
80,33,4.95,3.6,2001
1,34,1.0,3.65,1
2,34,1.05,3.65,1
3,34,1.1,3.65,1
4,34,1.15,3.65,1
5,34,1.2,3.65,1
6,34,1.25,3.65,1
7,34,1.3,3.65,1
8,34,1.35,3.65,1
9,34,1.4,3.65,1
10,34,1.45,3.65,1
11,34,1.5,3.65,1
12,34,1.55,3.65,1
13,34,1.6,3.65,1
14,34,1.65,3.65,1
15,34,1.7,3.65,1
16,34,1.75,3.65,1
17,34,1.8,3.65,1
18,34,1.85,3.65,1
19,34,1.9,3.65,1
20,34,1.95,3.65,1
21,34,2.0,3.65,2
22,34,2.05,3.65,2
23,34,2.1,3.65,2
24,34,2.15,3.65,2
25,34,2.2,3.65,2
26,34,2.25,3.65,2
27,34,2.3,3.65,2
28,34,2.35,3.65,2
29,34,2.4,3.65,2
30,34,2.45,3.65,2
31,34,2.5,3.65,2
32,34,2.55,3.65,4
33,34,2.6,3.65,4
34,34,2.65,3.65,4
35,34,2.7,3.65,2001
36,34,2.75,3.65,2001
37,34,2.8,3.65,2001
38,34,2.85,3.65,2001
39,34,2.9,3.65,2001
40,34,2.95,3.65,2001
41,34,3.0,3.65,2001
42,34,3.05,3.65,2001
43,34,3.1,3.65,2001
44,34,3.15,3.65,3
45,34,3.2,3.65,36
46,34,3.25,3.65,2001
47,34,3.3,3.65,2001
48,34,3.35,3.65,2001
49,34,3.4,3.65,2001
50,34,3.45,3.65,2001
51,34,3.5,3.65,2001
52,34,3.55,3.65,2001
53,34,3.6,3.65,4
54,34,3.65,3.65,2001
55,34,3.7,3.65,2001
56,34,3.75,3.65,2001
57,34,3.8,3.65,2001
58,34,3.85,3.65,2001
59,34,3.9,3.65,2001
60,34,3.95,3.65,2001
61,34,4.0,3.65,2001
62,34,4.05,3.65,2001
63,34,4.1,3.65,2001
64,34,4.15,3.65,2001
65,34,4.2,3.65,2001
66,34,4.25,3.65,2001
67,34,4.3,3.65,2001
68,34,4.35,3.65,2001
69,34,4.4,3.65,2001
70,34,4.45,3.65,2001
71,34,4.5,3.65,2001
72,34,4.55,3.65,2001
73,34,4.6,3.65,2001
74,34,4.65,3.65,2001
75,34,4.7,3.65,2001
76,34,4.75,3.65,2001
77,34,4.8,3.65,2001
78,34,4.85,3.65,2001
79,34,4.9,3.65,2001
80,34,4.95,3.65,2001
1,35,1.0,3.7,1
2,35,1.05,3.7,1
3,35,1.1,3.7,1
4,35,1.15,3.7,1
5,35,1.2,3.7,1
6,35,1.25,3.7,1
7,35,1.3,3.7,1
8,35,1.35,3.7,1
9,35,1.4,3.7,1
10,35,1.45,3.7,1
11,35,1.5,3.7,1
12,35,1.55,3.7,1
13,35,1.6,3.7,1
14,35,1.65,3.7,1
15,35,1.7,3.7,1
16,35,1.75,3.7,1
17,35,1.8,3.7,1
18,35,1.85,3.7,1
19,35,1.9,3.7,1
20,35,1.95,3.7,1
21,35,2.0,3.7,2
22,35,2.05,3.7,2
23,35,2.1,3.7,2
24,35,2.15,3.7,2
25,35,2.2,3.7,2
26,35,2.25,3.7,2
27,35,2.3,3.7,2
28,35,2.35,3.7,2
29,35,2.4,3.7,2
30,35,2.45,3.7,2
31,35,2.5,3.7,2
32,35,2.55,3.7,4
33,35,2.6,3.7,4
34,35,2.65,3.7,4
35,35,2.7,3.7,2001
36,35,2.75,3.7,2001
37,35,2.8,3.7,2001
38,35,2.85,3.7,2001
39,35,2.9,3.7,2001
40,35,2.95,3.7,2001
41,35,3.0,3.7,2001
42,35,3.05,3.7,2001
43,35,3.1,3.7,2001
44,35,3.15,3.7,3
45,35,3.2,3.7,36
46,35,3.25,3.7,2001
47,35,3.3,3.7,2001
48,35,3.35,3.7,2001
49,35,3.4,3.7,2001
50,35,3.45,3.7,2001
51,35,3.5,3.7,2001
52,35,3.55,3.7,2001
53,35,3.6,3.7,4
54,35,3.65,3.7,2001
55,35,3.7,3.7,2001
56,35,3.75,3.7,2001
57,35,3.8,3.7,2001
58,35,3.85,3.7,2001
59,35,3.9,3.7,2001
60,35,3.95,3.7,2001
61,35,4.0,3.7,2001
62,35,4.05,3.7,2001
63,35,4.1,3.7,2001
64,35,4.15,3.7,2001
65,35,4.2,3.7,2001
66,35,4.25,3.7,2001
67,35,4.3,3.7,2001
68,35,4.35,3.7,2001
69,35,4.4,3.7,2001
70,35,4.45,3.7,2001
71,35,4.5,3.7,2001
72,35,4.55,3.7,2001
73,35,4.6,3.7,2001
74,35,4.65,3.7,2001
75,35,4.7,3.7,2001
76,35,4.75,3.7,2001
77,35,4.8,3.7,2001
78,35,4.85,3.7,2001
79,35,4.9,3.7,2001
80,35,4.95,3.7,2001
1,36,1.0,3.75,1
2,36,1.05,3.75,1
3,36,1.1,3.75,1
4,36,1.15,3.75,1
5,36,1.2,3.75,1
6,36,1.25,3.75,1
7,36,1.3,3.75,1
8,36,1.35,3.75,1
9,36,1.4,3.75,1
10,36,1.45,3.75,1
11,36,1.5,3.75,1
12,36,1.55,3.75,1
13,36,1.6,3.75,1
14,36,1.65,3.75,1
15,36,1.7,3.75,1
16,36,1.75,3.75,1
17,36,1.8,3.75,1
18,36,1.85,3.75,1
19,36,1.9,3.75,1
20,36,1.95,3.75,1
21,36,2.0,3.75,2
22,36,2.05,3.75,2
23,36,2.1,3.75,2
24,36,2.15,3.75,2
25,36,2.2,3.75,2
26,36,2.25,3.75,2
27,36,2.3,3.75,2
28,36,2.35,3.75,2
29,36,2.4,3.75,2
30,36,2.45,3.75,2
31,36,2.5,3.75,2
32,36,2.55,3.75,4
33,36,2.6,3.75,4
34,36,2.65,3.75,4
35,36,2.7,3.75,2001
36,36,2.75,3.75,2001
37,36,2.8,3.75,2001
38,36,2.85,3.75,2001
39,36,2.9,3.75,2001
40,36,2.95,3.75,2001
41,36,3.0,3.75,2001
42,36,3.05,3.75,2001
43,36,3.1,3.75,2001
44,36,3.15,3.75,3
45,36,3.2,3.75,36
46,36,3.25,3.75,2001
47,36,3.3,3.75,2001
48,36,3.35,3.75,2001
49,36,3.4,3.75,2001
50,36,3.45,3.75,2001
51,36,3.5,3.75,2001
52,36,3.55,3.75,2001
53,36,3.6,3.75,4
54,36,3.65,3.75,2001
55,36,3.7,3.75,2001
56,36,3.75,3.75,2001
57,36,3.8,3.75,2001
58,36,3.85,3.75,2001
59,36,3.9,3.75,2001
60,36,3.95,3.75,2001
61,36,4.0,3.75,2001
62,36,4.05,3.75,2001
63,36,4.1,3.75,2001
64,36,4.15,3.75,2001
65,36,4.2,3.75,2001
66,36,4.25,3.75,2001
67,36,4.3,3.75,2001
68,36,4.35,3.75,2001
69,36,4.4,3.75,2001
70,36,4.45,3.75,2001
71,36,4.5,3.75,2001
72,36,4.55,3.75,2001
73,36,4.6,3.75,2001
74,36,4.65,3.75,2001
75,36,4.7,3.75,2001
76,36,4.75,3.75,2001
77,36,4.8,3.75,2001
78,36,4.85,3.75,2001
79,36,4.9,3.75,2001
80,36,4.95,3.75,2001
1,37,1.0,3.8,1
2,37,1.05,3.8,1
3,37,1.1,3.8,1
4,37,1.15,3.8,1
5,37,1.2,3.8,1
6,37,1.25,3.8,1
7,37,1.3,3.8,1
8,37,1.35,3.8,1
9,37,1.4,3.8,1
10,37,1.45,3.8,1
11,37,1.5,3.8,1
12,37,1.55,3.8,1
13,37,1.6,3.8,1
14,37,1.65,3.8,1
15,37,1.7,3.8,1
16,37,1.75,3.8,1
17,37,1.8,3.8,1
18,37,1.85,3.8,1
19,37,1.9,3.8,1
20,37,1.95,3.8,1
21,37,2.0,3.8,2
22,37,2.05,3.8,2
23,37,2.1,3.8,2
24,37,2.15,3.8,2
25,37,2.2,3.8,2
26,37,2.25,3.8,2
27,37,2.3,3.8,2
28,37,2.35,3.8,2
29,37,2.4,3.8,2
30,37,2.45,3.8,2
31,37,2.5,3.8,2
32,37,2.55,3.8,4
33,37,2.6,3.8,4
34,37,2.65,3.8,4
35,37,2.7,3.8,2001
36,37,2.75,3.8,2001
37,37,2.8,3.8,2001
38,37,2.85,3.8,2001
39,37,2.9,3.8,2001
40,37,2.95,3.8,2001
41,37,3.0,3.8,2001
42,37,3.05,3.8,2001
43,37,3.1,3.8,2001
44,37,3.15,3.8,3
45,37,3.2,3.8,36
46,37,3.25,3.8,2001
47,37,3.3,3.8,2001
48,37,3.35,3.8,2001
49,37,3.4,3.8,2001
50,37,3.45,3.8,2001
51,37,3.5,3.8,2001
52,37,3.55,3.8,2001
53,37,3.6,3.8,4
54,37,3.65,3.8,2001
55,37,3.7,3.8,2001
56,37,3.75,3.8,2001
57,37,3.8,3.8,2001
58,37,3.85,3.8,2001
59,37,3.9,3.8,2001
60,37,3.95,3.8,2001
61,37,4.0,3.8,2001
62,37,4.05,3.8,2001
63,37,4.1,3.8,2001
64,37,4.15,3.8,2001
65,37,4.2,3.8,2001
66,37,4.25,3.8,2001
67,37,4.3,3.8,2001
68,37,4.35,3.8,2001
69,37,4.4,3.8,2001
70,37,4.45,3.8,2001
71,37,4.5,3.8,2001
72,37,4.55,3.8,2001
73,37,4.6,3.8,2001
74,37,4.65,3.8,2001
75,37,4.7,3.8,2001
76,37,4.75,3.8,2001
77,37,4.8,3.8,2001
78,37,4.85,3.8,2001
79,37,4.9,3.8,2001
80,37,4.95,3.8,2001
1,38,1.0,3.85,1
2,38,1.05,3.85,1
3,38,1.1,3.85,1
4,38,1.15,3.85,1
5,38,1.2,3.85,1
6,38,1.25,3.85,1
7,38,1.3,3.85,1
8,38,1.35,3.85,1
9,38,1.4,3.85,1
10,38,1.45,3.85,1
11,38,1.5,3.85,1
12,38,1.55,3.85,1
13,38,1.6,3.85,1
14,38,1.65,3.85,1
15,38,1.7,3.85,1
16,38,1.75,3.85,1
17,38,1.8,3.85,1
18,38,1.85,3.85,1
19,38,1.9,3.85,1
20,38,1.95,3.85,1
21,38,2.0,3.85,2
22,38,2.05,3.85,2
23,38,2.1,3.85,2
24,38,2.15,3.85,2
25,38,2.2,3.85,2
26,38,2.25,3.85,2
27,38,2.3,3.85,2
28,38,2.35,3.85,2
29,38,2.4,3.85,2
30,38,2.45,3.85,2
31,38,2.5,3.85,2
32,38,2.55,3.85,4
33,38,2.6,3.85,4
34,38,2.65,3.85,4
35,38,2.7,3.85,2001
36,38,2.75,3.85,2001
37,38,2.8,3.85,2001
38,38,2.85,3.85,2001
39,38,2.9,3.85,2001
40,38,2.95,3.85,2001
41,38,3.0,3.85,2001
42,38,3.05,3.85,2001
43,38,3.1,3.85,2001
44,38,3.15,3.85,3
45,38,3.2,3.85,36
46,38,3.25,3.85,2001
47,38,3.3,3.85,2001
48,38,3.35,3.85,2001
49,38,3.4,3.85,2001
50,38,3.45,3.85,2001
51,38,3.5,3.85,2001
52,38,3.55,3.85,2001
53,38,3.6,3.85,4
54,38,3.65,3.85,2001
55,38,3.7,3.85,2001
56,38,3.75,3.85,2001
57,38,3.8,3.85,2001
58,38,3.85,3.85,2001
59,38,3.9,3.85,2001
60,38,3.95,3.85,2001
61,38,4.0,3.85,2001
62,38,4.05,3.85,2001
63,38,4.1,3.85,2001
64,38,4.15,3.85,2001
65,38,4.2,3.85,2001
66,38,4.25,3.85,2001
67,38,4.3,3.85,2001
68,38,4.35,3.85,2001
69,38,4.4,3.85,2001
70,38,4.45,3.85,2001
71,38,4.5,3.85,2001
72,38,4.55,3.85,2001
73,38,4.6,3.85,2001
74,38,4.65,3.85,2001
75,38,4.7,3.85,2001
76,38,4.75,3.85,2001
77,38,4.8,3.85,2001
78,38,4.85,3.85,2001
79,38,4.9,3.85,2001
80,38,4.95,3.85,2001
1,39,1.0,3.9,1
2,39,1.05,3.9,1
3,39,1.1,3.9,1
4,39,1.15,3.9,1
5,39,1.2,3.9,1
6,39,1.25,3.9,1
7,39,1.3,3.9,1
8,39,1.35,3.9,1
9,39,1.4,3.9,1
10,39,1.45,3.9,1
11,39,1.5,3.9,1
12,39,1.55,3.9,1
13,39,1.6,3.9,1
14,39,1.65,3.9,1
15,39,1.7,3.9,1
16,39,1.75,3.9,1
17,39,1.8,3.9,1
18,39,1.85,3.9,1
19,39,1.9,3.9,1
20,39,1.95,3.9,1
21,39,2.0,3.9,2
22,39,2.05,3.9,2
23,39,2.1,3.9,2
24,39,2.15,3.9,2
25,39,2.2,3.9,2
26,39,2.25,3.9,2
27,39,2.3,3.9,2
28,39,2.35,3.9,2
29,39,2.4,3.9,2
30,39,2.45,3.9,2
31,39,2.5,3.9,2
32,39,2.55,3.9,4
33,39,2.6,3.9,4
34,39,2.65,3.9,4
35,39,2.7,3.9,2001
36,39,2.75,3.9,2001
37,39,2.8,3.9,2001
38,39,2.85,3.9,2001
39,39,2.9,3.9,2001
40,39,2.95,3.9,2001
41,39,3.0,3.9,2001
42,39,3.05,3.9,2001
43,39,3.1,3.9,2001
44,39,3.15,3.9,3
45,39,3.2,3.9,36
46,39,3.25,3.9,2001
47,39,3.3,3.9,2001
48,39,3.35,3.9,2001
49,39,3.4,3.9,2001
50,39,3.45,3.9,2001
51,39,3.5,3.9,2001
52,39,3.55,3.9,2001
53,39,3.6,3.9,4
54,39,3.65,3.9,2001
55,39,3.7,3.9,2001
56,39,3.75,3.9,2001
57,39,3.8,3.9,2001
58,39,3.85,3.9,2001
59,39,3.9,3.9,2001
60,39,3.95,3.9,2001
61,39,4.0,3.9,2001
62,39,4.05,3.9,2001
63,39,4.1,3.9,2001
64,39,4.15,3.9,2001
65,39,4.2,3.9,2001
66,39,4.25,3.9,2001
67,39,4.3,3.9,2001
68,39,4.35,3.9,2001
69,39,4.4,3.9,2001
70,39,4.45,3.9,2001
71,39,4.5,3.9,2001
72,39,4.55,3.9,2001
73,39,4.6,3.9,2001
74,39,4.65,3.9,2001
75,39,4.7,3.9,2001
76,39,4.75,3.9,2001
77,39,4.8,3.9,2001
78,39,4.85,3.9,2001
79,39,4.9,3.9,2001
80,39,4.95,3.9,2001
1,40,1.0,3.95,1
2,40,1.05,3.95,1
3,40,1.1,3.95,1
4,40,1.15,3.95,1
5,40,1.2,3.95,1
6,40,1.25,3.95,1
7,40,1.3,3.95,1
8,40,1.35,3.95,1
9,40,1.4,3.95,1
10,40,1.45,3.95,1
11,40,1.5,3.95,1
12,40,1.55,3.95,1
13,40,1.6,3.95,1
14,40,1.65,3.95,1
15,40,1.7,3.95,1
16,40,1.75,3.95,1
17,40,1.8,3.95,1
18,40,1.85,3.95,1
19,40,1.9,3.95,1
20,40,1.95,3.95,1
21,40,2.0,3.95,2
22,40,2.05,3.95,2
23,40,2.1,3.95,2
24,40,2.15,3.95,2
25,40,2.2,3.95,2
26,40,2.25,3.95,2
27,40,2.3,3.95,2
28,40,2.35,3.95,2
29,40,2.4,3.95,2
30,40,2.45,3.95,2
31,40,2.5,3.95,2
32,40,2.55,3.95,4
33,40,2.6,3.95,4
34,40,2.65,3.95,4
35,40,2.7,3.95,2001
36,40,2.75,3.95,2001
37,40,2.8,3.95,2001
38,40,2.85,3.95,2001
39,40,2.9,3.95,2001
40,40,2.95,3.95,2001
41,40,3.0,3.95,2001
42,40,3.05,3.95,2001
43,40,3.1,3.95,2001
44,40,3.15,3.95,3
45,40,3.2,3.95,36
46,40,3.25,3.95,2001
47,40,3.3,3.95,2001
48,40,3.35,3.95,2001
49,40,3.4,3.95,2001
50,40,3.45,3.95,2001
51,40,3.5,3.95,2001
52,40,3.55,3.95,2001
53,40,3.6,3.95,4
54,40,3.65,3.95,2001
55,40,3.7,3.95,2001
56,40,3.75,3.95,2001
57,40,3.8,3.95,2001
58,40,3.85,3.95,2001
59,40,3.9,3.95,2001
60,40,3.95,3.95,2001
61,40,4.0,3.95,2001
62,40,4.05,3.95,2001
63,40,4.1,3.95,2001
64,40,4.15,3.95,2001
65,40,4.2,3.95,2001
66,40,4.25,3.95,2001
67,40,4.3,3.95,2001
68,40,4.35,3.95,2001
69,40,4.4,3.95,2001
70,40,4.45,3.95,2001
71,40,4.5,3.95,2001
72,40,4.55,3.95,2001
73,40,4.6,3.95,2001
74,40,4.65,3.95,2001
75,40,4.7,3.95,2001
76,40,4.75,3.95,2001
77,40,4.8,3.95,2001
78,40,4.85,3.95,2001
79,40,4.9,3.95,2001
80,40,4.95,3.95,2001
1,41,1.0,4.0,1
2,41,1.05,4.0,1
3,41,1.1,4.0,1
4,41,1.15,4.0,1
5,41,1.2,4.0,1
6,41,1.25,4.0,1
7,41,1.3,4.0,1
8,41,1.35,4.0,1
9,41,1.4,4.0,1
10,41,1.45,4.0,1
11,41,1.5,4.0,1
12,41,1.55,4.0,1
13,41,1.6,4.0,1
14,41,1.65,4.0,1
15,41,1.7,4.0,1
16,41,1.75,4.0,1
17,41,1.8,4.0,1
18,41,1.85,4.0,1
19,41,1.9,4.0,1
20,41,1.95,4.0,1
21,41,2.0,4.0,2
22,41,2.05,4.0,2
23,41,2.1,4.0,2
24,41,2.15,4.0,2
25,41,2.2,4.0,2
26,41,2.25,4.0,2
27,41,2.3,4.0,2
28,41,2.35,4.0,2
29,41,2.4,4.0,2
30,41,2.45,4.0,2
31,41,2.5,4.0,2
32,41,2.55,4.0,4
33,41,2.6,4.0,4
34,41,2.65,4.0,4
35,41,2.7,4.0,2001
36,41,2.75,4.0,2001
37,41,2.8,4.0,2001
38,41,2.85,4.0,2001
39,41,2.9,4.0,2001
40,41,2.95,4.0,2001
41,41,3.0,4.0,2001
42,41,3.05,4.0,2001
43,41,3.1,4.0,2001
44,41,3.15,4.0,3
45,41,3.2,4.0,36
46,41,3.25,4.0,2001
47,41,3.3,4.0,2001
48,41,3.35,4.0,2001
49,41,3.4,4.0,2001
50,41,3.45,4.0,2001
51,41,3.5,4.0,2001
52,41,3.55,4.0,2001
53,41,3.6,4.0,4
54,41,3.65,4.0,2001
55,41,3.7,4.0,2001
56,41,3.75,4.0,2001
57,41,3.8,4.0,2001
58,41,3.85,4.0,2001
59,41,3.9,4.0,2001
60,41,3.95,4.0,2001
61,41,4.0,4.0,2001
62,41,4.05,4.0,2001
63,41,4.1,4.0,2001
64,41,4.15,4.0,2001
65,41,4.2,4.0,2001
66,41,4.25,4.0,2001
67,41,4.3,4.0,2001
68,41,4.35,4.0,2001
69,41,4.4,4.0,2001
70,41,4.45,4.0,2001
71,41,4.5,4.0,2001
72,41,4.55,4.0,2001
73,41,4.6,4.0,2001
74,41,4.65,4.0,2001
75,41,4.7,4.0,2001
76,41,4.75,4.0,2001
77,41,4.8,4.0,2001
78,41,4.85,4.0,2001
79,41,4.9,4.0,2001
80,41,4.95,4.0,2001
1,42,1.0,4.05,1
2,42,1.05,4.05,1
3,42,1.1,4.05,1
4,42,1.15,4.05,1
5,42,1.2,4.05,1
6,42,1.25,4.05,1
7,42,1.3,4.05,1
8,42,1.35,4.05,1
9,42,1.4,4.05,1
10,42,1.45,4.05,1
11,42,1.5,4.05,1
12,42,1.55,4.05,1
13,42,1.6,4.05,1
14,42,1.65,4.05,1
15,42,1.7,4.05,1
16,42,1.75,4.05,1
17,42,1.8,4.05,1
18,42,1.85,4.05,1
19,42,1.9,4.05,1
20,42,1.95,4.05,1
21,42,2.0,4.05,2
22,42,2.05,4.05,2
23,42,2.1,4.05,2
24,42,2.15,4.05,2
25,42,2.2,4.05,2
26,42,2.25,4.05,2
27,42,2.3,4.05,2
28,42,2.35,4.05,2
29,42,2.4,4.05,2
30,42,2.45,4.05,2
31,42,2.5,4.05,2
32,42,2.55,4.05,4
33,42,2.6,4.05,4
34,42,2.65,4.05,4
35,42,2.7,4.05,2001
36,42,2.75,4.05,2001
37,42,2.8,4.05,2001
38,42,2.85,4.05,2001
39,42,2.9,4.05,2001
40,42,2.95,4.05,2001
41,42,3.0,4.05,2001
42,42,3.05,4.05,2001
43,42,3.1,4.05,2001
44,42,3.15,4.05,3
45,42,3.2,4.05,36
46,42,3.25,4.05,2001
47,42,3.3,4.05,2001
48,42,3.35,4.05,2001
49,42,3.4,4.05,2001
50,42,3.45,4.05,2001
51,42,3.5,4.05,2001
52,42,3.55,4.05,2001
53,42,3.6,4.05,4
54,42,3.65,4.05,2001
55,42,3.7,4.05,2001
56,42,3.75,4.05,2001
57,42,3.8,4.05,2001
58,42,3.85,4.05,2001
59,42,3.9,4.05,2001
60,42,3.95,4.05,2001
61,42,4.0,4.05,2001
62,42,4.05,4.05,2001
63,42,4.1,4.05,2001
64,42,4.15,4.05,2001
65,42,4.2,4.05,2001
66,42,4.25,4.05,2001
67,42,4.3,4.05,2001
68,42,4.35,4.05,2001
69,42,4.4,4.05,2001
70,42,4.45,4.05,2001
71,42,4.5,4.05,2001
72,42,4.55,4.05,2001
73,42,4.6,4.05,2001
74,42,4.65,4.05,2001
75,42,4.7,4.05,2001
76,42,4.75,4.05,2001
77,42,4.8,4.05,2001
78,42,4.85,4.05,2001
79,42,4.9,4.05,2001
80,42,4.95,4.05,2001
1,43,1.0,4.1,1
2,43,1.05,4.1,1
3,43,1.1,4.1,1
4,43,1.15,4.1,1
5,43,1.2,4.1,1
6,43,1.25,4.1,1
7,43,1.3,4.1,1
8,43,1.35,4.1,1
9,43,1.4,4.1,1
10,43,1.45,4.1,1
11,43,1.5,4.1,1
12,43,1.55,4.1,1
13,43,1.6,4.1,1
14,43,1.65,4.1,1
15,43,1.7,4.1,1
16,43,1.75,4.1,1
17,43,1.8,4.1,1
18,43,1.85,4.1,1
19,43,1.9,4.1,1
20,43,1.95,4.1,1
21,43,2.0,4.1,2
22,43,2.05,4.1,2
23,43,2.1,4.1,2
24,43,2.15,4.1,2
25,43,2.2,4.1,2
26,43,2.25,4.1,2
27,43,2.3,4.1,2
28,43,2.35,4.1,2
29,43,2.4,4.1,2
30,43,2.45,4.1,2
31,43,2.5,4.1,2
32,43,2.55,4.1,4
33,43,2.6,4.1,4
34,43,2.65,4.1,4
35,43,2.7,4.1,2001
36,43,2.75,4.1,2001
37,43,2.8,4.1,2001
38,43,2.85,4.1,2001
39,43,2.9,4.1,2001
40,43,2.95,4.1,2001
41,43,3.0,4.1,2001
42,43,3.05,4.1,2001
43,43,3.1,4.1,2001
44,43,3.15,4.1,3
45,43,3.2,4.1,36
46,43,3.25,4.1,2001
47,43,3.3,4.1,2001
48,43,3.35,4.1,2001
49,43,3.4,4.1,2001
50,43,3.45,4.1,2001
51,43,3.5,4.1,2001
52,43,3.55,4.1,2001
53,43,3.6,4.1,4
54,43,3.65,4.1,2001
55,43,3.7,4.1,2001
56,43,3.75,4.1,2001
57,43,3.8,4.1,2001
58,43,3.85,4.1,2001
59,43,3.9,4.1,2001
60,43,3.95,4.1,2001
61,43,4.0,4.1,2001
62,43,4.05,4.1,2001
63,43,4.1,4.1,2001
64,43,4.15,4.1,2001
65,43,4.2,4.1,2001
66,43,4.25,4.1,2001
67,43,4.3,4.1,2001
68,43,4.35,4.1,2001
69,43,4.4,4.1,2001
70,43,4.45,4.1,2001
71,43,4.5,4.1,2001
72,43,4.55,4.1,2001
73,43,4.6,4.1,2001
74,43,4.65,4.1,2001
75,43,4.7,4.1,2001
76,43,4.75,4.1,2001
77,43,4.8,4.1,2001
78,43,4.85,4.1,2001
79,43,4.9,4.1,2001
80,43,4.95,4.1,2001
1,44,1.0,4.15,1
2,44,1.05,4.15,1
3,44,1.1,4.15,1
4,44,1.15,4.15,1
5,44,1.2,4.15,1
6,44,1.25,4.15,1
7,44,1.3,4.15,1
8,44,1.35,4.15,1
9,44,1.4,4.15,1
10,44,1.45,4.15,1
11,44,1.5,4.15,1
12,44,1.55,4.15,1
13,44,1.6,4.15,1
14,44,1.65,4.15,1
15,44,1.7,4.15,1
16,44,1.75,4.15,1
17,44,1.8,4.15,1
18,44,1.85,4.15,1
19,44,1.9,4.15,1
20,44,1.95,4.15,1
21,44,2.0,4.15,2
22,44,2.05,4.15,2
23,44,2.1,4.15,2
24,44,2.15,4.15,2
25,44,2.2,4.15,2
26,44,2.25,4.15,2
27,44,2.3,4.15,2
28,44,2.35,4.15,2
29,44,2.4,4.15,2
30,44,2.45,4.15,2
31,44,2.5,4.15,2
32,44,2.55,4.15,4
33,44,2.6,4.15,4
34,44,2.65,4.15,4
35,44,2.7,4.15,2001
36,44,2.75,4.15,2001
37,44,2.8,4.15,2001
38,44,2.85,4.15,2001
39,44,2.9,4.15,2001
40,44,2.95,4.15,2001
41,44,3.0,4.15,2001
42,44,3.05,4.15,2001
43,44,3.1,4.15,2001
44,44,3.15,4.15,3
45,44,3.2,4.15,36
46,44,3.25,4.15,2001
47,44,3.3,4.15,2001
48,44,3.35,4.15,2001
49,44,3.4,4.15,2001
50,44,3.45,4.15,2001
51,44,3.5,4.15,2001
52,44,3.55,4.15,2001
53,44,3.6,4.15,4
54,44,3.65,4.15,2001
55,44,3.7,4.15,2001
56,44,3.75,4.15,2001
57,44,3.8,4.15,2001
58,44,3.85,4.15,2001
59,44,3.9,4.15,2001
60,44,3.95,4.15,2001
61,44,4.0,4.15,2001
62,44,4.05,4.15,2001
63,44,4.1,4.15,2001
64,44,4.15,4.15,2001
65,44,4.2,4.15,2001
66,44,4.25,4.15,2001
67,44,4.3,4.15,2001
68,44,4.35,4.15,2001
69,44,4.4,4.15,2001
70,44,4.45,4.15,2001
71,44,4.5,4.15,2001
72,44,4.55,4.15,2001
73,44,4.6,4.15,2001
74,44,4.65,4.15,2001
75,44,4.7,4.15,2001
76,44,4.75,4.15,2001
77,44,4.8,4.15,2001
78,44,4.85,4.15,2001
79,44,4.9,4.15,2001
80,44,4.95,4.15,2001
1,45,1.0,4.2,1
2,45,1.05,4.2,1
3,45,1.1,4.2,1
4,45,1.15,4.2,1
5,45,1.2,4.2,1
6,45,1.25,4.2,1
7,45,1.3,4.2,1
8,45,1.35,4.2,1
9,45,1.4,4.2,1
10,45,1.45,4.2,1
11,45,1.5,4.2,1
12,45,1.55,4.2,1
13,45,1.6,4.2,1
14,45,1.65,4.2,1
15,45,1.7,4.2,1
16,45,1.75,4.2,1
17,45,1.8,4.2,1
18,45,1.85,4.2,1
19,45,1.9,4.2,1
20,45,1.95,4.2,1
21,45,2.0,4.2,2
22,45,2.05,4.2,2
23,45,2.1,4.2,2
24,45,2.15,4.2,2
25,45,2.2,4.2,2
26,45,2.25,4.2,2
27,45,2.3,4.2,2
28,45,2.35,4.2,2
29,45,2.4,4.2,2
30,45,2.45,4.2,2
31,45,2.5,4.2,2
32,45,2.55,4.2,4
33,45,2.6,4.2,4
34,45,2.65,4.2,4
35,45,2.7,4.2,2001
36,45,2.75,4.2,2001
37,45,2.8,4.2,2001
38,45,2.85,4.2,2001
39,45,2.9,4.2,2001
40,45,2.95,4.2,2001
41,45,3.0,4.2,2001
42,45,3.05,4.2,2001
43,45,3.1,4.2,2001
44,45,3.15,4.2,3
45,45,3.2,4.2,36
46,45,3.25,4.2,2001
47,45,3.3,4.2,2001
48,45,3.35,4.2,2001
49,45,3.4,4.2,2001
50,45,3.45,4.2,2001
51,45,3.5,4.2,2001
52,45,3.55,4.2,2001
53,45,3.6,4.2,4
54,45,3.65,4.2,2001
55,45,3.7,4.2,2001
56,45,3.75,4.2,2001
57,45,3.8,4.2,2001
58,45,3.85,4.2,2001
59,45,3.9,4.2,2001
60,45,3.95,4.2,2001
61,45,4.0,4.2,2001
62,45,4.05,4.2,2001
63,45,4.1,4.2,2001
64,45,4.15,4.2,2001
65,45,4.2,4.2,2001
66,45,4.25,4.2,2001
67,45,4.3,4.2,2001
68,45,4.35,4.2,2001
69,45,4.4,4.2,2001
70,45,4.45,4.2,2001
71,45,4.5,4.2,2001
72,45,4.55,4.2,2001
73,45,4.6,4.2,2001
74,45,4.65,4.2,2001
75,45,4.7,4.2,2001
76,45,4.75,4.2,2001
77,45,4.8,4.2,2001
78,45,4.85,4.2,2001
79,45,4.9,4.2,2001
80,45,4.95,4.2,2001
1,46,1.0,4.25,1
2,46,1.05,4.25,1
3,46,1.1,4.25,1
4,46,1.15,4.25,1
5,46,1.2,4.25,1
6,46,1.25,4.25,1
7,46,1.3,4.25,1
8,46,1.35,4.25,1
9,46,1.4,4.25,1
10,46,1.45,4.25,1
11,46,1.5,4.25,1
12,46,1.55,4.25,1
13,46,1.6,4.25,1
14,46,1.65,4.25,1
15,46,1.7,4.25,1
16,46,1.75,4.25,1
17,46,1.8,4.25,1
18,46,1.85,4.25,1
19,46,1.9,4.25,1
20,46,1.95,4.25,1
21,46,2.0,4.25,2
22,46,2.05,4.25,2
23,46,2.1,4.25,2
24,46,2.15,4.25,2
25,46,2.2,4.25,2
26,46,2.25,4.25,2
27,46,2.3,4.25,2
28,46,2.35,4.25,2
29,46,2.4,4.25,2
30,46,2.45,4.25,2
31,46,2.5,4.25,2
32,46,2.55,4.25,4
33,46,2.6,4.25,4
34,46,2.65,4.25,4
35,46,2.7,4.25,2001
36,46,2.75,4.25,2001
37,46,2.8,4.25,2001
38,46,2.85,4.25,2001
39,46,2.9,4.25,2001
40,46,2.95,4.25,2001
41,46,3.0,4.25,2001
42,46,3.05,4.25,2001
43,46,3.1,4.25,2001
44,46,3.15,4.25,3
45,46,3.2,4.25,36
46,46,3.25,4.25,2001
47,46,3.3,4.25,2001
48,46,3.35,4.25,2001
49,46,3.4,4.25,2001
50,46,3.45,4.25,2001
51,46,3.5,4.25,2001
52,46,3.55,4.25,2001
53,46,3.6,4.25,4
54,46,3.65,4.25,2001
55,46,3.7,4.25,2001
56,46,3.75,4.25,2001
57,46,3.8,4.25,2001
58,46,3.85,4.25,2001
59,46,3.9,4.25,2001
60,46,3.95,4.25,2001
61,46,4.0,4.25,2001
62,46,4.05,4.25,2001
63,46,4.1,4.25,2001
64,46,4.15,4.25,2001
65,46,4.2,4.25,2001
66,46,4.25,4.25,2001
67,46,4.3,4.25,2001
68,46,4.35,4.25,2001
69,46,4.4,4.25,2001
70,46,4.45,4.25,2001
71,46,4.5,4.25,2001
72,46,4.55,4.25,2001
73,46,4.6,4.25,2001
74,46,4.65,4.25,2001
75,46,4.7,4.25,2001
76,46,4.75,4.25,2001
77,46,4.8,4.25,2001
78,46,4.85,4.25,2001
79,46,4.9,4.25,2001
80,46,4.95,4.25,2001
1,47,1.0,4.3,1
2,47,1.05,4.3,1
3,47,1.1,4.3,1
4,47,1.15,4.3,1
5,47,1.2,4.3,1
6,47,1.25,4.3,1
7,47,1.3,4.3,1
8,47,1.35,4.3,1
9,47,1.4,4.3,1
10,47,1.45,4.3,1
11,47,1.5,4.3,1
12,47,1.55,4.3,1
13,47,1.6,4.3,1
14,47,1.65,4.3,1
15,47,1.7,4.3,1
16,47,1.75,4.3,1
17,47,1.8,4.3,1
18,47,1.85,4.3,1
19,47,1.9,4.3,1
20,47,1.95,4.3,1
21,47,2.0,4.3,2
22,47,2.05,4.3,2
23,47,2.1,4.3,2
24,47,2.15,4.3,2
25,47,2.2,4.3,2
26,47,2.25,4.3,2
27,47,2.3,4.3,2
28,47,2.35,4.3,2
29,47,2.4,4.3,2
30,47,2.45,4.3,2
31,47,2.5,4.3,2
32,47,2.55,4.3,4
33,47,2.6,4.3,4
34,47,2.65,4.3,4
35,47,2.7,4.3,2001
36,47,2.75,4.3,2001
37,47,2.8,4.3,2001
38,47,2.85,4.3,2001
39,47,2.9,4.3,2001
40,47,2.95,4.3,2001
41,47,3.0,4.3,2001
42,47,3.05,4.3,2001
43,47,3.1,4.3,2001
44,47,3.15,4.3,3
45,47,3.2,4.3,36
46,47,3.25,4.3,2001
47,47,3.3,4.3,2001
48,47,3.35,4.3,2001
49,47,3.4,4.3,2001
50,47,3.45,4.3,2001
51,47,3.5,4.3,2001
52,47,3.55,4.3,2001
53,47,3.6,4.3,4
54,47,3.65,4.3,2001
55,47,3.7,4.3,2001
56,47,3.75,4.3,2001
57,47,3.8,4.3,2001
58,47,3.85,4.3,2001
59,47,3.9,4.3,2001
60,47,3.95,4.3,2001
61,47,4.0,4.3,2001
62,47,4.05,4.3,2001
63,47,4.1,4.3,2001
64,47,4.15,4.3,2001
65,47,4.2,4.3,2001
66,47,4.25,4.3,2001
67,47,4.3,4.3,2001
68,47,4.35,4.3,2001
69,47,4.4,4.3,2001
70,47,4.45,4.3,2001
71,47,4.5,4.3,2001
72,47,4.55,4.3,2001
73,47,4.6,4.3,2001
74,47,4.65,4.3,2001
75,47,4.7,4.3,2001
76,47,4.75,4.3,2001
77,47,4.8,4.3,2001
78,47,4.85,4.3,2001
79,47,4.9,4.3,2001
80,47,4.95,4.3,2001
1,48,1.0,4.35,1
2,48,1.05,4.35,1
3,48,1.1,4.35,1
4,48,1.15,4.35,1
5,48,1.2,4.35,1
6,48,1.25,4.35,1
7,48,1.3,4.35,1
8,48,1.35,4.35,1
9,48,1.4,4.35,1
10,48,1.45,4.35,1
11,48,1.5,4.35,1
12,48,1.55,4.35,1
13,48,1.6,4.35,1
14,48,1.65,4.35,1
15,48,1.7,4.35,1
16,48,1.75,4.35,1
17,48,1.8,4.35,1
18,48,1.85,4.35,1
19,48,1.9,4.35,1
20,48,1.95,4.35,1
21,48,2.0,4.35,2
22,48,2.05,4.35,2
23,48,2.1,4.35,2
24,48,2.15,4.35,2
25,48,2.2,4.35,2
26,48,2.25,4.35,2
27,48,2.3,4.35,2
28,48,2.35,4.35,2
29,48,2.4,4.35,2
30,48,2.45,4.35,2
31,48,2.5,4.35,2
32,48,2.55,4.35,4
33,48,2.6,4.35,4
34,48,2.65,4.35,4
35,48,2.7,4.35,2001
36,48,2.75,4.35,2001
37,48,2.8,4.35,2001
38,48,2.85,4.35,2001
39,48,2.9,4.35,2001
40,48,2.95,4.35,2001
41,48,3.0,4.35,2001
42,48,3.05,4.35,2001
43,48,3.1,4.35,2001
44,48,3.15,4.35,3
45,48,3.2,4.35,36
46,48,3.25,4.35,2001
47,48,3.3,4.35,2001
48,48,3.35,4.35,2001
49,48,3.4,4.35,2001
50,48,3.45,4.35,2001
51,48,3.5,4.35,2001
52,48,3.55,4.35,2001
53,48,3.6,4.35,4
54,48,3.65,4.35,2001
55,48,3.7,4.35,2001
56,48,3.75,4.35,2001
57,48,3.8,4.35,2001
58,48,3.85,4.35,2001
59,48,3.9,4.35,2001
60,48,3.95,4.35,2001
61,48,4.0,4.35,2001
62,48,4.05,4.35,2001
63,48,4.1,4.35,2001
64,48,4.15,4.35,2001
65,48,4.2,4.35,2001
66,48,4.25,4.35,2001
67,48,4.3,4.35,2001
68,48,4.35,4.35,2001
69,48,4.4,4.35,2001
70,48,4.45,4.35,2001
71,48,4.5,4.35,2001
72,48,4.55,4.35,2001
73,48,4.6,4.35,2001
74,48,4.65,4.35,2001
75,48,4.7,4.35,2001
76,48,4.75,4.35,2001
77,48,4.8,4.35,2001
78,48,4.85,4.35,2001
79,48,4.9,4.35,2001
80,48,4.95,4.35,2001
1,49,1.0,4.4,1
2,49,1.05,4.4,1
3,49,1.1,4.4,1
4,49,1.15,4.4,1
5,49,1.2,4.4,1
6,49,1.25,4.4,1
7,49,1.3,4.4,1
8,49,1.35,4.4,1
9,49,1.4,4.4,1
10,49,1.45,4.4,1
11,49,1.5,4.4,1
12,49,1.55,4.4,1
13,49,1.6,4.4,1
14,49,1.65,4.4,1
15,49,1.7,4.4,1
16,49,1.75,4.4,1
17,49,1.8,4.4,1
18,49,1.85,4.4,1
19,49,1.9,4.4,1
20,49,1.95,4.4,1
21,49,2.0,4.4,2
22,49,2.05,4.4,2
23,49,2.1,4.4,2
24,49,2.15,4.4,2
25,49,2.2,4.4,2
26,49,2.25,4.4,2
27,49,2.3,4.4,2
28,49,2.35,4.4,2
29,49,2.4,4.4,2
30,49,2.45,4.4,2
31,49,2.5,4.4,2
32,49,2.55,4.4,4
33,49,2.6,4.4,4
34,49,2.65,4.4,4
35,49,2.7,4.4,2001
36,49,2.75,4.4,2001
37,49,2.8,4.4,2001
38,49,2.85,4.4,2001
39,49,2.9,4.4,2001
40,49,2.95,4.4,2001
41,49,3.0,4.4,2001
42,49,3.05,4.4,2001
43,49,3.1,4.4,2001
44,49,3.15,4.4,3
45,49,3.2,4.4,36
46,49,3.25,4.4,2001
47,49,3.3,4.4,2001
48,49,3.35,4.4,2001
49,49,3.4,4.4,2001
50,49,3.45,4.4,2001
51,49,3.5,4.4,2001
52,49,3.55,4.4,2001
53,49,3.6,4.4,4
54,49,3.65,4.4,2001
55,49,3.7,4.4,2001
56,49,3.75,4.4,2001
57,49,3.8,4.4,2001
58,49,3.85,4.4,2001
59,49,3.9,4.4,2001
60,49,3.95,4.4,2001
61,49,4.0,4.4,2001
62,49,4.05,4.4,2001
63,49,4.1,4.4,2001
64,49,4.15,4.4,2001
65,49,4.2,4.4,2001
66,49,4.25,4.4,2001
67,49,4.3,4.4,2001
68,49,4.35,4.4,2001
69,49,4.4,4.4,2001
70,49,4.45,4.4,2001
71,49,4.5,4.4,2001
72,49,4.55,4.4,2001
73,49,4.6,4.4,2001
74,49,4.65,4.4,2001
75,49,4.7,4.4,2001
76,49,4.75,4.4,2001
77,49,4.8,4.4,2001
78,49,4.85,4.4,2001
79,49,4.9,4.4,2001
80,49,4.95,4.4,2001
1,50,1.0,4.45,1
2,50,1.05,4.45,1
3,50,1.1,4.45,1
4,50,1.15,4.45,1
5,50,1.2,4.45,1
6,50,1.25,4.45,1
7,50,1.3,4.45,1
8,50,1.35,4.45,1
9,50,1.4,4.45,1
10,50,1.45,4.45,1
11,50,1.5,4.45,1
12,50,1.55,4.45,1
13,50,1.6,4.45,1
14,50,1.65,4.45,1
15,50,1.7,4.45,1
16,50,1.75,4.45,1
17,50,1.8,4.45,1
18,50,1.85,4.45,1
19,50,1.9,4.45,1
20,50,1.95,4.45,1
21,50,2.0,4.45,2
22,50,2.05,4.45,2
23,50,2.1,4.45,2
24,50,2.15,4.45,2
25,50,2.2,4.45,2
26,50,2.25,4.45,2
27,50,2.3,4.45,2
28,50,2.35,4.45,2
29,50,2.4,4.45,2
30,50,2.45,4.45,2
31,50,2.5,4.45,2
32,50,2.55,4.45,4
33,50,2.6,4.45,4
34,50,2.65,4.45,4
35,50,2.7,4.45,2001
36,50,2.75,4.45,2001
37,50,2.8,4.45,2001
38,50,2.85,4.45,2001
39,50,2.9,4.45,2001
40,50,2.95,4.45,2001
41,50,3.0,4.45,2001
42,50,3.05,4.45,2001
43,50,3.1,4.45,2001
44,50,3.15,4.45,3
45,50,3.2,4.45,36
46,50,3.25,4.45,2001
47,50,3.3,4.45,2001
48,50,3.35,4.45,2001
49,50,3.4,4.45,2001
50,50,3.45,4.45,2001
51,50,3.5,4.45,2001
52,50,3.55,4.45,2001
53,50,3.6,4.45,4
54,50,3.65,4.45,2001
55,50,3.7,4.45,2001
56,50,3.75,4.45,2001
57,50,3.8,4.45,2001
58,50,3.85,4.45,2001
59,50,3.9,4.45,2001
60,50,3.95,4.45,2001
61,50,4.0,4.45,2001
62,50,4.05,4.45,2001
63,50,4.1,4.45,2001
64,50,4.15,4.45,2001
65,50,4.2,4.45,2001
66,50,4.25,4.45,2001
67,50,4.3,4.45,2001
68,50,4.35,4.45,2001
69,50,4.4,4.45,2001
70,50,4.45,4.45,2001
71,50,4.5,4.45,2001
72,50,4.55,4.45,2001
73,50,4.6,4.45,2001
74,50,4.65,4.45,2001
75,50,4.7,4.45,2001
76,50,4.75,4.45,2001
77,50,4.8,4.45,2001
78,50,4.85,4.45,2001
79,50,4.9,4.45,2001
80,50,4.95,4.45,2001
1,51,1.0,4.5,1
2,51,1.05,4.5,1
3,51,1.1,4.5,1
4,51,1.15,4.5,1
5,51,1.2,4.5,1
6,51,1.25,4.5,1
7,51,1.3,4.5,1
8,51,1.35,4.5,1
9,51,1.4,4.5,1
10,51,1.45,4.5,1
11,51,1.5,4.5,1
12,51,1.55,4.5,1
13,51,1.6,4.5,1
14,51,1.65,4.5,1
15,51,1.7,4.5,1
16,51,1.75,4.5,1
17,51,1.8,4.5,1
18,51,1.85,4.5,1
19,51,1.9,4.5,1
20,51,1.95,4.5,1
21,51,2.0,4.5,2
22,51,2.05,4.5,2
23,51,2.1,4.5,2
24,51,2.15,4.5,2
25,51,2.2,4.5,2
26,51,2.25,4.5,2
27,51,2.3,4.5,2
28,51,2.35,4.5,2
29,51,2.4,4.5,2
30,51,2.45,4.5,2
31,51,2.5,4.5,2
32,51,2.55,4.5,4
33,51,2.6,4.5,4
34,51,2.65,4.5,4
35,51,2.7,4.5,2001
36,51,2.75,4.5,2001
37,51,2.8,4.5,2001
38,51,2.85,4.5,2001
39,51,2.9,4.5,2001
40,51,2.95,4.5,2001
41,51,3.0,4.5,2001
42,51,3.05,4.5,2001
43,51,3.1,4.5,2001
44,51,3.15,4.5,3
45,51,3.2,4.5,36
46,51,3.25,4.5,2001
47,51,3.3,4.5,2001
48,51,3.35,4.5,2001
49,51,3.4,4.5,2001
50,51,3.45,4.5,2001
51,51,3.5,4.5,2001
52,51,3.55,4.5,2001
53,51,3.6,4.5,4
54,51,3.65,4.5,2001
55,51,3.7,4.5,2001
56,51,3.75,4.5,2001
57,51,3.8,4.5,2001
58,51,3.85,4.5,2001
59,51,3.9,4.5,2001
60,51,3.95,4.5,2001
61,51,4.0,4.5,2001
62,51,4.05,4.5,2001
63,51,4.1,4.5,2001
64,51,4.15,4.5,2001
65,51,4.2,4.5,2001
66,51,4.25,4.5,2001
67,51,4.3,4.5,2001
68,51,4.35,4.5,2001
69,51,4.4,4.5,2001
70,51,4.45,4.5,2001
71,51,4.5,4.5,2001
72,51,4.55,4.5,2001
73,51,4.6,4.5,2001
74,51,4.65,4.5,2001
75,51,4.7,4.5,2001
76,51,4.75,4.5,2001
77,51,4.8,4.5,2001
78,51,4.85,4.5,2001
79,51,4.9,4.5,2001
80,51,4.95,4.5,2001
1,52,1.0,4.55,1
2,52,1.05,4.55,1
3,52,1.1,4.55,1
4,52,1.15,4.55,1
5,52,1.2,4.55,1
6,52,1.25,4.55,1
7,52,1.3,4.55,1
8,52,1.35,4.55,1
9,52,1.4,4.55,1
10,52,1.45,4.55,1
11,52,1.5,4.55,1
12,52,1.55,4.55,1
13,52,1.6,4.55,1
14,52,1.65,4.55,1
15,52,1.7,4.55,1
16,52,1.75,4.55,1
17,52,1.8,4.55,1
18,52,1.85,4.55,1
19,52,1.9,4.55,1
20,52,1.95,4.55,1
21,52,2.0,4.55,2
22,52,2.05,4.55,2
23,52,2.1,4.55,2
24,52,2.15,4.55,2
25,52,2.2,4.55,2
26,52,2.25,4.55,2
27,52,2.3,4.55,2
28,52,2.35,4.55,2
29,52,2.4,4.55,2
30,52,2.45,4.55,2
31,52,2.5,4.55,2
32,52,2.55,4.55,4
33,52,2.6,4.55,4
34,52,2.65,4.55,4
35,52,2.7,4.55,2001
36,52,2.75,4.55,2001
37,52,2.8,4.55,2001
38,52,2.85,4.55,2001
39,52,2.9,4.55,2001
40,52,2.95,4.55,2001
41,52,3.0,4.55,2001
42,52,3.05,4.55,2001
43,52,3.1,4.55,2001
44,52,3.15,4.55,3
45,52,3.2,4.55,36
46,52,3.25,4.55,2001
47,52,3.3,4.55,2001
48,52,3.35,4.55,2001
49,52,3.4,4.55,2001
50,52,3.45,4.55,2001
51,52,3.5,4.55,2001
52,52,3.55,4.55,2001
53,52,3.6,4.55,4
54,52,3.65,4.55,2001
55,52,3.7,4.55,2001
56,52,3.75,4.55,2001
57,52,3.8,4.55,2001
58,52,3.85,4.55,2001
59,52,3.9,4.55,2001
60,52,3.95,4.55,2001
61,52,4.0,4.55,2001
62,52,4.05,4.55,2001
63,52,4.1,4.55,2001
64,52,4.15,4.55,2001
65,52,4.2,4.55,2001
66,52,4.25,4.55,2001
67,52,4.3,4.55,2001
68,52,4.35,4.55,2001
69,52,4.4,4.55,2001
70,52,4.45,4.55,2001
71,52,4.5,4.55,2001
72,52,4.55,4.55,2001
73,52,4.6,4.55,2001
74,52,4.65,4.55,2001
75,52,4.7,4.55,2001
76,52,4.75,4.55,2001
77,52,4.8,4.55,2001
78,52,4.85,4.55,2001
79,52,4.9,4.55,2001
80,52,4.95,4.55,2001
1,53,1.0,4.6,1
2,53,1.05,4.6,1
3,53,1.1,4.6,1
4,53,1.15,4.6,1
5,53,1.2,4.6,1
6,53,1.25,4.6,1
7,53,1.3,4.6,1
8,53,1.35,4.6,1
9,53,1.4,4.6,1
10,53,1.45,4.6,1
11,53,1.5,4.6,1
12,53,1.55,4.6,1
13,53,1.6,4.6,1
14,53,1.65,4.6,1
15,53,1.7,4.6,1
16,53,1.75,4.6,1
17,53,1.8,4.6,1
18,53,1.85,4.6,1
19,53,1.9,4.6,1
20,53,1.95,4.6,1
21,53,2.0,4.6,2
22,53,2.05,4.6,2
23,53,2.1,4.6,2
24,53,2.15,4.6,2
25,53,2.2,4.6,2
26,53,2.25,4.6,2
27,53,2.3,4.6,2
28,53,2.35,4.6,2
29,53,2.4,4.6,2
30,53,2.45,4.6,2
31,53,2.5,4.6,2
32,53,2.55,4.6,4
33,53,2.6,4.6,4
34,53,2.65,4.6,4
35,53,2.7,4.6,2001
36,53,2.75,4.6,2001
37,53,2.8,4.6,2001
38,53,2.85,4.6,2001
39,53,2.9,4.6,2001
40,53,2.95,4.6,2001
41,53,3.0,4.6,2001
42,53,3.05,4.6,2001
43,53,3.1,4.6,2001
44,53,3.15,4.6,3
45,53,3.2,4.6,36
46,53,3.25,4.6,2001
47,53,3.3,4.6,2001
48,53,3.35,4.6,2001
49,53,3.4,4.6,2001
50,53,3.45,4.6,2001
51,53,3.5,4.6,2001
52,53,3.55,4.6,2001
53,53,3.6,4.6,4
54,53,3.65,4.6,2001
55,53,3.7,4.6,2001
56,53,3.75,4.6,2001
57,53,3.8,4.6,2001
58,53,3.85,4.6,2001
59,53,3.9,4.6,2001
60,53,3.95,4.6,2001
61,53,4.0,4.6,2001
62,53,4.05,4.6,2001
63,53,4.1,4.6,2001
64,53,4.15,4.6,2001
65,53,4.2,4.6,2001
66,53,4.25,4.6,2001
67,53,4.3,4.6,2001
68,53,4.35,4.6,2001
69,53,4.4,4.6,2001
70,53,4.45,4.6,2001
71,53,4.5,4.6,2001
72,53,4.55,4.6,2001
73,53,4.6,4.6,2001
74,53,4.65,4.6,2001
75,53,4.7,4.6,2001
76,53,4.75,4.6,2001
77,53,4.8,4.6,2001
78,53,4.85,4.6,2001
79,53,4.9,4.6,2001
80,53,4.95,4.6,2001
1,54,1.0,4.65,1
2,54,1.05,4.65,1
3,54,1.1,4.65,1
4,54,1.15,4.65,1
5,54,1.2,4.65,1
6,54,1.25,4.65,1
7,54,1.3,4.65,1
8,54,1.35,4.65,1
9,54,1.4,4.65,1
10,54,1.45,4.65,1
11,54,1.5,4.65,1
12,54,1.55,4.65,1
13,54,1.6,4.65,1
14,54,1.65,4.65,1
15,54,1.7,4.65,1
16,54,1.75,4.65,1
17,54,1.8,4.65,1
18,54,1.85,4.65,1
19,54,1.9,4.65,1
20,54,1.95,4.65,1
21,54,2.0,4.65,2
22,54,2.05,4.65,2
23,54,2.1,4.65,2
24,54,2.15,4.65,2
25,54,2.2,4.65,2
26,54,2.25,4.65,2
27,54,2.3,4.65,2
28,54,2.35,4.65,2
29,54,2.4,4.65,2
30,54,2.45,4.65,2
31,54,2.5,4.65,2
32,54,2.55,4.65,4
33,54,2.6,4.65,4
34,54,2.65,4.65,4
35,54,2.7,4.65,2001
36,54,2.75,4.65,2001
37,54,2.8,4.65,2001
38,54,2.85,4.65,2001
39,54,2.9,4.65,2001
40,54,2.95,4.65,2001
41,54,3.0,4.65,2001
42,54,3.05,4.65,2001
43,54,3.1,4.65,2001
44,54,3.15,4.65,3
45,54,3.2,4.65,36
46,54,3.25,4.65,2001
47,54,3.3,4.65,2001
48,54,3.35,4.65,2001
49,54,3.4,4.65,2001
50,54,3.45,4.65,2001
51,54,3.5,4.65,2001
52,54,3.55,4.65,2001
53,54,3.6,4.65,4
54,54,3.65,4.65,2001
55,54,3.7,4.65,2001
56,54,3.75,4.65,2001
57,54,3.8,4.65,2001
58,54,3.85,4.65,2001
59,54,3.9,4.65,2001
60,54,3.95,4.65,2001
61,54,4.0,4.65,2001
62,54,4.05,4.65,2001
63,54,4.1,4.65,2001
64,54,4.15,4.65,2001
65,54,4.2,4.65,2001
66,54,4.25,4.65,2001
67,54,4.3,4.65,2001
68,54,4.35,4.65,2001
69,54,4.4,4.65,2001
70,54,4.45,4.65,2001
71,54,4.5,4.65,2001
72,54,4.55,4.65,2001
73,54,4.6,4.65,2001
74,54,4.65,4.65,2001
75,54,4.7,4.65,2001
76,54,4.75,4.65,2001
77,54,4.8,4.65,2001
78,54,4.85,4.65,2001
79,54,4.9,4.65,2001
80,54,4.95,4.65,2001
1,55,1.0,4.7,1
2,55,1.05,4.7,1
3,55,1.1,4.7,1
4,55,1.15,4.7,1
5,55,1.2,4.7,1
6,55,1.25,4.7,1
7,55,1.3,4.7,1
8,55,1.35,4.7,1
9,55,1.4,4.7,1
10,55,1.45,4.7,1
11,55,1.5,4.7,1
12,55,1.55,4.7,1
13,55,1.6,4.7,1
14,55,1.65,4.7,1
15,55,1.7,4.7,1
16,55,1.75,4.7,1
17,55,1.8,4.7,1
18,55,1.85,4.7,1
19,55,1.9,4.7,1
20,55,1.95,4.7,1
21,55,2.0,4.7,2
22,55,2.05,4.7,2
23,55,2.1,4.7,2
24,55,2.15,4.7,2
25,55,2.2,4.7,2
26,55,2.25,4.7,2
27,55,2.3,4.7,2
28,55,2.35,4.7,2
29,55,2.4,4.7,2
30,55,2.45,4.7,2
31,55,2.5,4.7,2
32,55,2.55,4.7,4
33,55,2.6,4.7,4
34,55,2.65,4.7,4
35,55,2.7,4.7,2001
36,55,2.75,4.7,2001
37,55,2.8,4.7,2001
38,55,2.85,4.7,2001
39,55,2.9,4.7,2001
40,55,2.95,4.7,2001
41,55,3.0,4.7,2001
42,55,3.05,4.7,2001
43,55,3.1,4.7,2001
44,55,3.15,4.7,3
45,55,3.2,4.7,36
46,55,3.25,4.7,2001
47,55,3.3,4.7,2001
48,55,3.35,4.7,2001
49,55,3.4,4.7,2001
50,55,3.45,4.7,2001
51,55,3.5,4.7,2001
52,55,3.55,4.7,2001
53,55,3.6,4.7,4
54,55,3.65,4.7,2001
55,55,3.7,4.7,2001
56,55,3.75,4.7,2001
57,55,3.8,4.7,2001
58,55,3.85,4.7,2001
59,55,3.9,4.7,2001
60,55,3.95,4.7,2001
61,55,4.0,4.7,2001
62,55,4.05,4.7,2001
63,55,4.1,4.7,2001
64,55,4.15,4.7,2001
65,55,4.2,4.7,2001
66,55,4.25,4.7,2001
67,55,4.3,4.7,2001
68,55,4.35,4.7,2001
69,55,4.4,4.7,2001
70,55,4.45,4.7,2001
71,55,4.5,4.7,2001
72,55,4.55,4.7,2001
73,55,4.6,4.7,2001
74,55,4.65,4.7,2001
75,55,4.7,4.7,2001
76,55,4.75,4.7,2001
77,55,4.8,4.7,2001
78,55,4.85,4.7,2001
79,55,4.9,4.7,2001
80,55,4.95,4.7,2001
1,56,1.0,4.75,1
2,56,1.05,4.75,1
3,56,1.1,4.75,1
4,56,1.15,4.75,1
5,56,1.2,4.75,1
6,56,1.25,4.75,1
7,56,1.3,4.75,1
8,56,1.35,4.75,1
9,56,1.4,4.75,1
10,56,1.45,4.75,1
11,56,1.5,4.75,1
12,56,1.55,4.75,1
13,56,1.6,4.75,1
14,56,1.65,4.75,1
15,56,1.7,4.75,1
16,56,1.75,4.75,1
17,56,1.8,4.75,1
18,56,1.85,4.75,1
19,56,1.9,4.75,1
20,56,1.95,4.75,1
21,56,2.0,4.75,2
22,56,2.05,4.75,2
23,56,2.1,4.75,2
24,56,2.15,4.75,2
25,56,2.2,4.75,2
26,56,2.25,4.75,2
27,56,2.3,4.75,2
28,56,2.35,4.75,2
29,56,2.4,4.75,2
30,56,2.45,4.75,2
31,56,2.5,4.75,2
32,56,2.55,4.75,4
33,56,2.6,4.75,4
34,56,2.65,4.75,4
35,56,2.7,4.75,2001
36,56,2.75,4.75,2001
37,56,2.8,4.75,2001
38,56,2.85,4.75,2001
39,56,2.9,4.75,2001
40,56,2.95,4.75,2001
41,56,3.0,4.75,2001
42,56,3.05,4.75,2001
43,56,3.1,4.75,2001
44,56,3.15,4.75,3
45,56,3.2,4.75,36
46,56,3.25,4.75,2001
47,56,3.3,4.75,2001
48,56,3.35,4.75,2001
49,56,3.4,4.75,2001
50,56,3.45,4.75,2001
51,56,3.5,4.75,2001
52,56,3.55,4.75,2001
53,56,3.6,4.75,4
54,56,3.65,4.75,2001
55,56,3.7,4.75,2001
56,56,3.75,4.75,2001
57,56,3.8,4.75,2001
58,56,3.85,4.75,2001
59,56,3.9,4.75,2001
60,56,3.95,4.75,2001
61,56,4.0,4.75,2001
62,56,4.05,4.75,2001
63,56,4.1,4.75,2001
64,56,4.15,4.75,2001
65,56,4.2,4.75,2001
66,56,4.25,4.75,2001
67,56,4.3,4.75,2001
68,56,4.35,4.75,2001
69,56,4.4,4.75,2001
70,56,4.45,4.75,2001
71,56,4.5,4.75,2001
72,56,4.55,4.75,2001
73,56,4.6,4.75,2001
74,56,4.65,4.75,2001
75,56,4.7,4.75,2001
76,56,4.75,4.75,2001
77,56,4.8,4.75,2001
78,56,4.85,4.75,2001
79,56,4.9,4.75,2001
80,56,4.95,4.75,2001
1,57,1.0,4.8,1
2,57,1.05,4.8,1
3,57,1.1,4.8,1
4,57,1.15,4.8,1
5,57,1.2,4.8,1
6,57,1.25,4.8,1
7,57,1.3,4.8,1
8,57,1.35,4.8,1
9,57,1.4,4.8,1
10,57,1.45,4.8,1
11,57,1.5,4.8,1
12,57,1.55,4.8,1
13,57,1.6,4.8,1
14,57,1.65,4.8,1
15,57,1.7,4.8,1
16,57,1.75,4.8,1
17,57,1.8,4.8,1
18,57,1.85,4.8,1
19,57,1.9,4.8,1
20,57,1.95,4.8,1
21,57,2.0,4.8,2
22,57,2.05,4.8,2
23,57,2.1,4.8,2
24,57,2.15,4.8,2
25,57,2.2,4.8,2
26,57,2.25,4.8,2
27,57,2.3,4.8,2
28,57,2.35,4.8,2
29,57,2.4,4.8,2
30,57,2.45,4.8,2
31,57,2.5,4.8,2
32,57,2.55,4.8,4
33,57,2.6,4.8,4
34,57,2.65,4.8,4
35,57,2.7,4.8,2001
36,57,2.75,4.8,2001
37,57,2.8,4.8,2001
38,57,2.85,4.8,2001
39,57,2.9,4.8,2001
40,57,2.95,4.8,2001
41,57,3.0,4.8,2001
42,57,3.05,4.8,2001
43,57,3.1,4.8,2001
44,57,3.15,4.8,3
45,57,3.2,4.8,36
46,57,3.25,4.8,2001
47,57,3.3,4.8,2001
48,57,3.35,4.8,2001
49,57,3.4,4.8,2001
50,57,3.45,4.8,2001
51,57,3.5,4.8,2001
52,57,3.55,4.8,2001
53,57,3.6,4.8,4
54,57,3.65,4.8,2001
55,57,3.7,4.8,2001
56,57,3.75,4.8,2001
57,57,3.8,4.8,2001
58,57,3.85,4.8,2001
59,57,3.9,4.8,2001
60,57,3.95,4.8,2001
61,57,4.0,4.8,2001
62,57,4.05,4.8,2001
63,57,4.1,4.8,2001
64,57,4.15,4.8,2001
65,57,4.2,4.8,2001
66,57,4.25,4.8,2001
67,57,4.3,4.8,2001
68,57,4.35,4.8,2001
69,57,4.4,4.8,2001
70,57,4.45,4.8,2001
71,57,4.5,4.8,2001
72,57,4.55,4.8,2001
73,57,4.6,4.8,2001
74,57,4.65,4.8,2001
75,57,4.7,4.8,2001
76,57,4.75,4.8,2001
77,57,4.8,4.8,2001
78,57,4.85,4.8,2001
79,57,4.9,4.8,2001
80,57,4.95,4.8,2001
1,58,1.0,4.85,1
2,58,1.05,4.85,1
3,58,1.1,4.85,1
4,58,1.15,4.85,1
5,58,1.2,4.85,1
6,58,1.25,4.85,1
7,58,1.3,4.85,1
8,58,1.35,4.85,1
9,58,1.4,4.85,1
10,58,1.45,4.85,1
11,58,1.5,4.85,1
12,58,1.55,4.85,1
13,58,1.6,4.85,1
14,58,1.65,4.85,1
15,58,1.7,4.85,1
16,58,1.75,4.85,1
17,58,1.8,4.85,1
18,58,1.85,4.85,1
19,58,1.9,4.85,1
20,58,1.95,4.85,1
21,58,2.0,4.85,2
22,58,2.05,4.85,2
23,58,2.1,4.85,2
24,58,2.15,4.85,2
25,58,2.2,4.85,2
26,58,2.25,4.85,2
27,58,2.3,4.85,2
28,58,2.35,4.85,2
29,58,2.4,4.85,2
30,58,2.45,4.85,2
31,58,2.5,4.85,2
32,58,2.55,4.85,4
33,58,2.6,4.85,4
34,58,2.65,4.85,4
35,58,2.7,4.85,2001
36,58,2.75,4.85,2001
37,58,2.8,4.85,2001
38,58,2.85,4.85,2001
39,58,2.9,4.85,2001
40,58,2.95,4.85,2001
41,58,3.0,4.85,2001
42,58,3.05,4.85,2001
43,58,3.1,4.85,2001
44,58,3.15,4.85,3
45,58,3.2,4.85,36
46,58,3.25,4.85,2001
47,58,3.3,4.85,2001
48,58,3.35,4.85,2001
49,58,3.4,4.85,2001
50,58,3.45,4.85,2001
51,58,3.5,4.85,2001
52,58,3.55,4.85,2001
53,58,3.6,4.85,4
54,58,3.65,4.85,2001
55,58,3.7,4.85,2001
56,58,3.75,4.85,2001
57,58,3.8,4.85,2001
58,58,3.85,4.85,2001
59,58,3.9,4.85,2001
60,58,3.95,4.85,2001
61,58,4.0,4.85,2001
62,58,4.05,4.85,2001
63,58,4.1,4.85,2001
64,58,4.15,4.85,2001
65,58,4.2,4.85,2001
66,58,4.25,4.85,2001
67,58,4.3,4.85,2001
68,58,4.35,4.85,2001
69,58,4.4,4.85,2001
70,58,4.45,4.85,2001
71,58,4.5,4.85,2001
72,58,4.55,4.85,2001
73,58,4.6,4.85,2001
74,58,4.65,4.85,2001
75,58,4.7,4.85,2001
76,58,4.75,4.85,2001
77,58,4.8,4.85,2001
78,58,4.85,4.85,2001
79,58,4.9,4.85,2001
80,58,4.95,4.85,2001
1,59,1.0,4.9,1
2,59,1.05,4.9,1
3,59,1.1,4.9,1
4,59,1.15,4.9,1
5,59,1.2,4.9,1
6,59,1.25,4.9,1
7,59,1.3,4.9,1
8,59,1.35,4.9,1
9,59,1.4,4.9,1
10,59,1.45,4.9,1
11,59,1.5,4.9,1
12,59,1.55,4.9,1
13,59,1.6,4.9,1
14,59,1.65,4.9,1
15,59,1.7,4.9,1
16,59,1.75,4.9,1
17,59,1.8,4.9,1
18,59,1.85,4.9,1
19,59,1.9,4.9,1
20,59,1.95,4.9,1
21,59,2.0,4.9,2
22,59,2.05,4.9,2
23,59,2.1,4.9,2
24,59,2.15,4.9,2
25,59,2.2,4.9,2
26,59,2.25,4.9,2
27,59,2.3,4.9,2
28,59,2.35,4.9,2
29,59,2.4,4.9,2
30,59,2.45,4.9,2
31,59,2.5,4.9,2
32,59,2.55,4.9,4
33,59,2.6,4.9,4
34,59,2.65,4.9,4
35,59,2.7,4.9,2001
36,59,2.75,4.9,2001
37,59,2.8,4.9,2001
38,59,2.85,4.9,2001
39,59,2.9,4.9,2001
40,59,2.95,4.9,2001
41,59,3.0,4.9,2001
42,59,3.05,4.9,2001
43,59,3.1,4.9,2001
44,59,3.15,4.9,3
45,59,3.2,4.9,36
46,59,3.25,4.9,2001
47,59,3.3,4.9,2001
48,59,3.35,4.9,2001
49,59,3.4,4.9,2001
50,59,3.45,4.9,2001
51,59,3.5,4.9,2001
52,59,3.55,4.9,2001
53,59,3.6,4.9,4
54,59,3.65,4.9,2001
55,59,3.7,4.9,2001
56,59,3.75,4.9,2001
57,59,3.8,4.9,2001
58,59,3.85,4.9,2001
59,59,3.9,4.9,2001
60,59,3.95,4.9,2001
61,59,4.0,4.9,2001
62,59,4.05,4.9,2001
63,59,4.1,4.9,2001
64,59,4.15,4.9,2001
65,59,4.2,4.9,2001
66,59,4.25,4.9,2001
67,59,4.3,4.9,2001
68,59,4.35,4.9,2001
69,59,4.4,4.9,2001
70,59,4.45,4.9,2001
71,59,4.5,4.9,2001
72,59,4.55,4.9,2001
73,59,4.6,4.9,2001
74,59,4.65,4.9,2001
75,59,4.7,4.9,2001
76,59,4.75,4.9,2001
77,59,4.8,4.9,2001
78,59,4.85,4.9,2001
79,59,4.9,4.9,2001
80,59,4.95,4.9,2001
1,60,1.0,4.95,1
2,60,1.05,4.95,1
3,60,1.1,4.95,1
4,60,1.15,4.95,1
5,60,1.2,4.95,1
6,60,1.25,4.95,1
7,60,1.3,4.95,1
8,60,1.35,4.95,1
9,60,1.4,4.95,1
10,60,1.45,4.95,1
11,60,1.5,4.95,1
12,60,1.55,4.95,1
13,60,1.6,4.95,1
14,60,1.65,4.95,1
15,60,1.7,4.95,1
16,60,1.75,4.95,1
17,60,1.8,4.95,1
18,60,1.85,4.95,1
19,60,1.9,4.95,1
20,60,1.95,4.95,1
21,60,2.0,4.95,2
22,60,2.05,4.95,2
23,60,2.1,4.95,2
24,60,2.15,4.95,2
25,60,2.2,4.95,2
26,60,2.25,4.95,2
27,60,2.3,4.95,2
28,60,2.35,4.95,2
29,60,2.4,4.95,2
30,60,2.45,4.95,2
31,60,2.5,4.95,2
32,60,2.55,4.95,4
33,60,2.6,4.95,4
34,60,2.65,4.95,4
35,60,2.7,4.95,2001
36,60,2.75,4.95,2001
37,60,2.8,4.95,2001
38,60,2.85,4.95,2001
39,60,2.9,4.95,2001
40,60,2.95,4.95,2001
41,60,3.0,4.95,2001
42,60,3.05,4.95,2001
43,60,3.1,4.95,2001
44,60,3.15,4.95,3
45,60,3.2,4.95,36
46,60,3.25,4.95,2001
47,60,3.3,4.95,2001
48,60,3.35,4.95,2001
49,60,3.4,4.95,2001
50,60,3.45,4.95,2001
51,60,3.5,4.95,2001
52,60,3.55,4.95,2001
53,60,3.6,4.95,4
54,60,3.65,4.95,2001
55,60,3.7,4.95,2001
56,60,3.75,4.95,2001
57,60,3.8,4.95,2001
58,60,3.85,4.95,2001
59,60,3.9,4.95,2001
60,60,3.95,4.95,2001
61,60,4.0,4.95,2001
62,60,4.05,4.95,2001
63,60,4.1,4.95,2001
64,60,4.15,4.95,2001
65,60,4.2,4.95,2001
66,60,4.25,4.95,2001
67,60,4.3,4.95,2001
68,60,4.35,4.95,2001
69,60,4.4,4.95,2001
70,60,4.45,4.95,2001
71,60,4.5,4.95,2001
72,60,4.55,4.95,2001
73,60,4.6,4.95,2001
74,60,4.65,4.95,2001
75,60,4.7,4.95,2001
76,60,4.75,4.95,2001
77,60,4.8,4.95,2001
78,60,4.85,4.95,2001
79,60,4.9,4.95,2001
80,60,4.95,4.95,2001
